model,device,machine,average_precision_mean,average_precision_std,roc_auc_mean,roc_auc_std,top10_recall_mean,top10_recall_std,top20_recall_mean,top20_recall_std,brier_unadjusted_mean,brier_unadjusted_std,log_loss_unadjusted_mean,log_loss_unadjusted_std
catboost_ref,cpu,all,0.050557611176855595,0.005154819709504332,0.730837631635504,0.006094832956735765,0.2727272727272727,0.0,0.5050505050505051,0.017495462702715934,0.025484654494332817,0.0006286018347697813,0.11029503480469298,0.00227003457969617
catboost_ref,cpu,cn7,0.10145839857892681,0.008957844767584438,0.9143283341396549,0.005752074448318703,0.717948717948718,0.04441155916843277,0.8974358974358975,0.04441155916843282,0.018485625405321424,0.0002406783952337195,0.06893327930082076,0.0010514359368593215
catboost_ref,cpu,rg3,0.0414436954832365,0.009086180361252387,0.5301655867530598,0.009220674819166292,0.15,0.0,0.21666666666666667,0.07637626158259733,0.03263905315085926,0.0015136522507671717,0.15257496881340799,0.0049362698652261425
catboost_regularized,cpu,all,0.0597699614774533,0.009182934971129745,0.7531458199011389,0.0044600969551174255,0.2828282828282828,0.017495462702715934,0.4343434343434343,0.046288643383392364,0.02128500954882004,0.00012693440983747815,0.09560345680190967,0.0009041332611011074
catboost_regularized,cpu,cn7,0.12567770599489375,0.02776851502324857,0.9194350373595657,0.005197074507975001,0.6410256410256411,0.04441155916843273,0.923076923076923,0.0,0.016047572171350194,0.0004112151448514051,0.061944113591346744,0.00191427227274555
catboost_regularized,cpu,rg3,0.03905175406607323,0.010022919840732602,0.5547156227501799,0.002182209440781474,0.15,0.0,0.2333333333333333,0.02886751345948128,0.026638711392385928,0.0001697595354121539,0.13000999473490582,0.00027269020803102526
lgbm_regularized,cpu,all,0.05783235796196597,0.002209928248591991,0.7535649043627767,0.0017066225273728913,0.2828282828282828,0.017495462702715948,0.5252525252525252,0.01749546270271591,0.023722368804478065,0.00015445408713035468,0.10261020799712776,0.0006655523998209664
lgbm_regularized,cpu,cn7,0.11756681619786163,0.007368313398091567,0.9304547653604258,0.005707822700501386,0.7435897435897436,0.044411559168432785,1.0,0.0,0.01883352791727877,0.0003795153677037629,0.06643028971746619,0.001358148812698111
lgbm_regularized,cpu,rg3,0.05412033577173327,0.007530510975854806,0.5485961123110151,0.0025164536064213373,0.15,0.0,0.26666666666666666,0.05773502691896256,0.028719735757883683,0.0004179428285920344,0.13959327456840973,0.0012062537987899992
lgbm_shallow,cpu,all,0.04629584516716245,0.0,0.7288765312701483,0.0,0.3333333333333333,0.0,0.48484848484848486,0.0,0.03729515414421565,0.0,0.14033312985555554,0.0
lgbm_shallow,cpu,cn7,0.09497844428425987,0.0,0.907071440090308,0.0,0.5384615384615384,0.0,0.8461538461538461,0.0,0.026465991078667223,0.0,0.08933808367351788,0.0
lgbm_shallow,cpu,rg3,0.028111820117741233,0.0,0.5457883369330453,0.0,0.20000000000000004,0.0,0.3,0.0,0.04836471089303732,0.0,0.1924602013756722,0.0
logistic_ref,cpu,all,0.11541918898088648,0.0,0.758421985815603,0.0,0.2727272727272727,0.0,0.5151515151515151,0.0,0.1609768216992803,0.0,0.4842223343350029,0.0
logistic_ref,cpu,cn7,0.28626515038456846,0.0,0.9333575229801645,0.0,0.8461538461538461,0.0,0.8461538461538461,0.0,0.08312903167273343,0.0,0.2728941175714258,0.0
logistic_ref,cpu,rg3,0.023057939107304203,0.0,0.5213822894168466,0.0,0.05000000000000001,0.0,0.25,0.0,0.2405527339145772,0.0,0.7002417694411119,0.0
xgb_regularized,cpu,all,0.09758861354182735,0.02058416353180757,0.7708494519664733,0.003122732982059866,0.3333333333333333,0.03030303030303031,0.5353535353535354,0.01749546270271591,0.038831603215754164,0.0012292200070711963,0.1454768970149993,0.002700422547352784
xgb_regularized,cpu,cn7,0.1951432204815906,0.04830477989763638,0.9453448368542707,0.004156533553130832,0.8461538461538461,0.0,1.0,0.0,0.026894380274703256,0.0005155813408623116,0.08942603405851011,0.001055133639583429
xgb_regularized,cpu,rg3,0.04970889524625865,0.001321106003877182,0.5222822174226062,0.004348356766174696,0.15,0.0,0.21666666666666667,0.07637626158259732,0.05103381736374172,0.001994180758091256,0.2027720180286621,0.004611633256618746
xgb_shallow,cpu,all,0.054764549494522606,0.0,0.7672549967762734,0.0,0.45454545454545453,0.0,0.5454545454545454,0.0,0.07167240618927072,0.0,0.24454695447143374,0.0
xgb_shallow,cpu,cn7,0.11215733595908994,0.0,0.9229559748427674,0.0,0.7692307692307693,0.0,0.923076923076923,0.0,0.04496461087078094,0.0,0.1556055906384099,0.0
xgb_shallow,cpu,rg3,0.03147010455212962,0.0,0.5739740820734341,0.0,0.15,0.0,0.4000000000000001,0.0,0.09897308068502082,0.0,0.33546270375952464,0.0
