model,device,seed,machine,rows,positives,prevalence,average_precision,roc_auc,top10_k,top10_positives,top10_recall,top10_precision,top10_lift,top20_k,top20_positives,top20_recall,top20_precision,top20_lift,brier_unadjusted,log_loss_unadjusted
logistic_ref,cpu,20260922,all,1913,33,0.017250392054364874,0.11541918898088648,0.7584219858156029,192,9,0.2727272727272727,0.046875,2.7173295454545454,383,17,0.5151515151515151,0.044386422976501305,2.5730674895165753,0.1609768216992803,0.4842223343350029
logistic_ref,cpu,20260922,cn7,967,13,0.01344364012409514,0.28626515038456846,0.9333575229801645,97,11,0.8461538461538461,0.1134020618556701,8.435368754956384,194,11,0.8461538461538461,0.05670103092783505,4.217684377478192,0.08312903167273343,0.2728941175714258
logistic_ref,cpu,20260922,rg3,946,20,0.021141649048625793,0.0230579391073042,0.5213822894168466,95,1,0.05,0.010526315789473684,0.4978947368421053,190,5,0.25,0.02631578947368421,1.2447368421052631,0.2405527339145772,0.7002417694411119
logistic_ref,cpu,20260923,all,1913,33,0.017250392054364874,0.11541918898088648,0.7584219858156029,192,9,0.2727272727272727,0.046875,2.7173295454545454,383,17,0.5151515151515151,0.044386422976501305,2.5730674895165753,0.1609768216992803,0.4842223343350029
logistic_ref,cpu,20260923,cn7,967,13,0.01344364012409514,0.28626515038456846,0.9333575229801645,97,11,0.8461538461538461,0.1134020618556701,8.435368754956384,194,11,0.8461538461538461,0.05670103092783505,4.217684377478192,0.08312903167273343,0.2728941175714258
logistic_ref,cpu,20260923,rg3,946,20,0.021141649048625793,0.0230579391073042,0.5213822894168466,95,1,0.05,0.010526315789473684,0.4978947368421053,190,5,0.25,0.02631578947368421,1.2447368421052631,0.2405527339145772,0.7002417694411119
logistic_ref,cpu,20260924,all,1913,33,0.017250392054364874,0.11541918898088648,0.7584219858156029,192,9,0.2727272727272727,0.046875,2.7173295454545454,383,17,0.5151515151515151,0.044386422976501305,2.5730674895165753,0.1609768216992803,0.4842223343350029
logistic_ref,cpu,20260924,cn7,967,13,0.01344364012409514,0.28626515038456846,0.9333575229801645,97,11,0.8461538461538461,0.1134020618556701,8.435368754956384,194,11,0.8461538461538461,0.05670103092783505,4.217684377478192,0.08312903167273343,0.2728941175714258
logistic_ref,cpu,20260924,rg3,946,20,0.021141649048625793,0.0230579391073042,0.5213822894168466,95,1,0.05,0.010526315789473684,0.4978947368421053,190,5,0.25,0.02631578947368421,1.2447368421052631,0.2405527339145772,0.7002417694411119
lgbm_shallow,cpu,20260922,all,1913,33,0.017250392054364874,0.04629584516716245,0.7288765312701483,192,11,0.3333333333333333,0.057291666666666664,3.321180555555555,383,16,0.48484848484848486,0.04177545691906005,2.4217105783685415,0.03729515414421565,0.14033312985555554
lgbm_shallow,cpu,20260922,cn7,967,13,0.01344364012409514,0.09497844428425987,0.907071440090308,97,7,0.5384615384615384,0.07216494845360824,5.367961934972244,194,11,0.8461538461538461,0.05670103092783505,4.217684377478192,0.026465991078667227,0.08933808367351789
lgbm_shallow,cpu,20260922,rg3,946,20,0.021141649048625793,0.028111820117741236,0.5457883369330453,95,4,0.2,0.042105263157894736,1.9915789473684211,190,6,0.3,0.031578947368421054,1.4936842105263157,0.04836471089303733,0.1924602013756722
lgbm_shallow,cpu,20260923,all,1913,33,0.017250392054364874,0.04629584516716245,0.7288765312701483,192,11,0.3333333333333333,0.057291666666666664,3.321180555555555,383,16,0.48484848484848486,0.04177545691906005,2.4217105783685415,0.03729515414421565,0.14033312985555554
lgbm_shallow,cpu,20260923,cn7,967,13,0.01344364012409514,0.09497844428425987,0.907071440090308,97,7,0.5384615384615384,0.07216494845360824,5.367961934972244,194,11,0.8461538461538461,0.05670103092783505,4.217684377478192,0.026465991078667227,0.08933808367351789
lgbm_shallow,cpu,20260923,rg3,946,20,0.021141649048625793,0.028111820117741236,0.5457883369330453,95,4,0.2,0.042105263157894736,1.9915789473684211,190,6,0.3,0.031578947368421054,1.4936842105263157,0.04836471089303733,0.1924602013756722
lgbm_shallow,cpu,20260924,all,1913,33,0.017250392054364874,0.04629584516716245,0.7288765312701483,192,11,0.3333333333333333,0.057291666666666664,3.321180555555555,383,16,0.48484848484848486,0.04177545691906005,2.4217105783685415,0.03729515414421565,0.14033312985555554
lgbm_shallow,cpu,20260924,cn7,967,13,0.01344364012409514,0.09497844428425987,0.907071440090308,97,7,0.5384615384615384,0.07216494845360824,5.367961934972244,194,11,0.8461538461538461,0.05670103092783505,4.217684377478192,0.026465991078667227,0.08933808367351789
lgbm_shallow,cpu,20260924,rg3,946,20,0.021141649048625793,0.028111820117741236,0.5457883369330453,95,4,0.2,0.042105263157894736,1.9915789473684211,190,6,0.3,0.031578947368421054,1.4936842105263157,0.04836471089303733,0.1924602013756722
lgbm_regularized,cpu,20260922,all,1913,33,0.017250392054364874,0.0595810712306077,0.7527965828497745,192,9,0.2727272727272727,0.046875,2.7173295454545454,383,18,0.5454545454545454,0.04699738903394256,2.7244244006646094,0.023606942813346143,0.10229899864832029
lgbm_regularized,cpu,20260922,cn7,967,13,0.01344364012409514,0.12209486672828818,0.9329543621996452,97,10,0.7692307692307693,0.10309278350515463,7.668517049960348,194,13,1.0,0.06701030927835051,4.984536082474227,0.018429263348649444,0.0649071871975127
lgbm_regularized,cpu,20260922,rg3,946,20,0.021141649048625793,0.04543212790381435,0.5478401727861771,95,3,0.15,0.031578947368421054,1.4936842105263157,190,6,0.3,0.031578947368421054,1.4936842105263157,0.028899560194278178,0.14052086088186252
lgbm_regularized,cpu,20260923,all,1913,33,0.017250392054364874,0.055348565310904416,0.7523774983881366,192,9,0.2727272727272727,0.046875,2.7173295454545454,383,17,0.5151515151515151,0.044386422976501305,2.5730674895165753,0.023897825995058818,0.10337435318194847
lgbm_regularized,cpu,20260923,cn7,967,13,0.01344364012409514,0.10906463326167501,0.9239235607160136,97,10,0.7692307692307693,0.10309278350515463,7.668517049960348,194,13,1.0,0.06701030927835051,4.984536082474227,0.01888916947411715,0.06751539504203924
lgbm_regularized,cpu,20260923,rg3,946,20,0.021141649048625793,0.058772463390404706,0.5465442764578834,95,3,0.15,0.031578947368421054,1.4936842105263157,190,6,0.3,0.031578947368421054,1.4936842105263157,0.029017668337289887,0.14002933470551324
lgbm_regularized,cpu,20260924,all,1913,33,0.017250392054364874,0.05856743734438579,0.7555206318504192,192,10,0.30303030303030304,0.052083333333333336,3.01925505050505,383,17,0.5151515151515151,0.044386422976501305,2.5730674895165753,0.023662337605029237,0.10215727216111449
lgbm_regularized,cpu,20260924,cn7,967,13,0.01344364012409514,0.1215409486036217,0.9344863731656184,97,9,0.6923076923076923,0.09278350515463918,6.901665344964314,194,13,1.0,0.06701030927835051,4.984536082474227,0.019182150929069716,0.06686828691284664
lgbm_regularized,cpu,20260924,rg3,946,20,0.021141649048625793,0.05815641602098075,0.5514038876889847,95,3,0.15,0.031578947368421054,1.4936842105263157,190,4,0.2,0.021052631578947368,0.9957894736842106,0.028241978742082986,0.1382296281178534
xgb_shallow,cpu,20260922,all,1913,33,0.017250392054364874,0.0547645494945226,0.7672549967762734,192,15,0.45454545454545453,0.078125,4.528882575757575,383,18,0.5454545454545454,0.04699738903394256,2.7244244006646094,0.07167240618927072,0.24454695447143374
xgb_shallow,cpu,20260922,cn7,967,13,0.01344364012409514,0.11215733595908994,0.9229559748427674,97,10,0.7692307692307693,0.10309278350515463,7.668517049960348,194,12,0.9230769230769231,0.061855670103092786,4.601110229976209,0.04496461087078094,0.1556055906384099
xgb_shallow,cpu,20260922,rg3,946,20,0.021141649048625793,0.03147010455212962,0.5739740820734341,95,3,0.15,0.031578947368421054,1.4936842105263157,190,8,0.4,0.042105263157894736,1.9915789473684211,0.09897308068502084,0.33546270375952464
xgb_shallow,cpu,20260923,all,1913,33,0.017250392054364874,0.0547645494945226,0.7672549967762734,192,15,0.45454545454545453,0.078125,4.528882575757575,383,18,0.5454545454545454,0.04699738903394256,2.7244244006646094,0.07167240618927072,0.24454695447143374
xgb_shallow,cpu,20260923,cn7,967,13,0.01344364012409514,0.11215733595908994,0.9229559748427674,97,10,0.7692307692307693,0.10309278350515463,7.668517049960348,194,12,0.9230769230769231,0.061855670103092786,4.601110229976209,0.04496461087078094,0.1556055906384099
xgb_shallow,cpu,20260923,rg3,946,20,0.021141649048625793,0.03147010455212962,0.5739740820734341,95,3,0.15,0.031578947368421054,1.4936842105263157,190,8,0.4,0.042105263157894736,1.9915789473684211,0.09897308068502084,0.33546270375952464
xgb_shallow,cpu,20260924,all,1913,33,0.017250392054364874,0.0547645494945226,0.7672549967762734,192,15,0.45454545454545453,0.078125,4.528882575757575,383,18,0.5454545454545454,0.04699738903394256,2.7244244006646094,0.07167240618927072,0.24454695447143374
xgb_shallow,cpu,20260924,cn7,967,13,0.01344364012409514,0.11215733595908994,0.9229559748427674,97,10,0.7692307692307693,0.10309278350515463,7.668517049960348,194,12,0.9230769230769231,0.061855670103092786,4.601110229976209,0.04496461087078094,0.1556055906384099
xgb_shallow,cpu,20260924,rg3,946,20,0.021141649048625793,0.03147010455212962,0.5739740820734341,95,3,0.15,0.031578947368421054,1.4936842105263157,190,8,0.4,0.042105263157894736,1.9915789473684211,0.09897308068502084,0.33546270375952464
xgb_regularized,cpu,20260922,all,1913,33,0.017250392054364874,0.07976543094131097,0.7710267569310123,192,10,0.30303030303030304,0.052083333333333336,3.01925505050505,383,17,0.5151515151515151,0.044386422976501305,2.5730674895165753,0.037438047063904974,0.14247414920973014
xgb_regularized,cpu,20260922,cn7,967,13,0.01344364012409514,0.15340622103860502,0.9446460248347041,97,11,0.8461538461538461,0.1134020618556701,8.435368754956384,194,13,1.0,0.06701030927835051,4.984536082474227,0.026377648744657718,0.0886439488905605
xgb_regularized,cpu,20260922,rg3,946,20,0.021141649048625793,0.05121986313130125,0.526889848812095,95,3,0.15,0.031578947368421054,1.4936842105263157,190,6,0.3,0.031578947368421054,1.4936842105263157,0.04874397219573594,0.19749931169243307
xgb_regularized,cpu,20260923,all,1913,33,0.017250392054364874,0.120118516403938,0.7676418439716312,192,11,0.3333333333333333,0.057291666666666664,3.321180555555555,383,18,0.5454545454545454,0.04699738903394256,2.7244244006646094,0.03976179672500862,0.14770622088000412
xgb_regularized,cpu,20260923,cn7,967,13,0.01344364012409514,0.24805651571001808,0.9415820029027576,97,11,0.8461538461538461,0.1134020618556701,8.435368754956384,194,13,1.0,0.06701030927835051,4.984536082474227,0.027408803676671256,0.09062612799433811
xgb_regularized,cpu,20260923,rg3,946,20,0.021141649048625793,0.049135216450137936,0.52170626349892,95,3,0.15,0.031578947368421054,1.4936842105263157,190,3,0.15,0.015789473684210527,0.7468421052631579,0.052389010549260456,0.20605341942169447
xgb_regularized,cpu,20260924,all,1913,33,0.017250392054364874,0.0928818932802331,0.7738797549967763,192,12,0.36363636363636365,0.0625,3.62310606060606,383,18,0.5454545454545454,0.04699738903394256,2.7244244006646094,0.03929496585834891,0.14625032095526358
xgb_regularized,cpu,20260924,cn7,967,13,0.01344364012409514,0.1839669246961487,0.9498064828253507,97,11,0.8461538461538461,0.1134020618556701,8.435368754956384,194,13,1.0,0.06701030927835051,4.984536082474227,0.0268966884027808,0.0890080252906317
xgb_regularized,cpu,20260924,rg3,946,20,0.021141649048625793,0.04877160615733675,0.5182505399568034,95,3,0.15,0.031578947368421054,1.4936842105263157,190,4,0.2,0.021052631578947368,0.9957894736842106,0.05196846934622878,0.20476332297185876
catboost_ref,cpu,20260922,all,1913,33,0.017250392054364874,0.05455522657479562,0.7241215344938748,192,9,0.2727272727272727,0.046875,2.7173295454545454,383,17,0.5151515151515151,0.044386422976501305,2.5730674895165753,0.02565619999764085,0.11157775154711867
catboost_ref,cpu,20260922,cn7,967,13,0.01344364012409514,0.10972282759150494,0.9082809224318658,97,9,0.6923076923076923,0.09278350515463918,6.901665344964314,194,11,0.8461538461538461,0.05670103092783505,4.217684377478192,0.018371356760910163,0.06983807667719623
catboost_ref,cpu,20260922,rg3,946,20,0.021141649048625793,0.04060970402382111,0.5291576673866091,95,3,0.15,0.031578947368421054,1.4936842105263157,190,3,0.15,0.015789473684210527,0.7468421052631579,0.033102757513411005,0.1542439942524199
catboost_ref,cpu,20260923,all,1913,33,0.017250392054364874,0.05237802716668793,0.7360170857511282,192,9,0.2727272727272727,0.046875,2.7173295454545454,383,17,0.5151515151515151,0.044386422976501305,2.5730674895165753,0.024788087692366397,0.10767402108164689
catboost_ref,cpu,20260923,cn7,967,13,0.01344364012409514,0.10271296350957246,0.9149733913884858,97,10,0.7692307692307693,0.10309278350515463,7.668517049960348,194,12,0.9230769230769231,0.061855670103092786,4.601110229976209,0.018762152292602967,0.06918196820352114
catboost_ref,cpu,20260923,rg3,946,20,0.021141649048625793,0.0509181200556912,0.5398488120950324,95,3,0.15,0.031578947368421054,1.4936842105263157,190,6,0.3,0.031578947368421054,1.4936842105263157,0.030947791214111883,0.14702054870653858
catboost_ref,cpu,20260924,all,1913,33,0.017250392054364874,0.044739579789083245,0.7323742746615086,192,9,0.2727272727272727,0.046875,2.7173295454545454,383,16,0.48484848484848486,0.04177545691906005,2.4217105783685415,0.026009675792991203,0.11163333178531337
catboost_ref,cpu,20260924,cn7,967,13,0.01344364012409514,0.09193940463570305,0.9197306885986132,97,9,0.6923076923076923,0.09278350515463918,6.901665344964314,194,12,0.9230769230769231,0.061855670103092786,4.601110229976209,0.018323367162451143,0.06777979302174492
catboost_ref,cpu,20260924,rg3,946,20,0.021141649048625793,0.032803262370197206,0.5214902807775378,95,3,0.15,0.031578947368421054,1.4936842105263157,190,4,0.2,0.021052631578947368,0.9957894736842106,0.03386661072505488,0.15646036348126546
catboost_regularized,cpu,20260922,all,1913,33,0.017250392054364874,0.07021603040588933,0.7522001934235976,192,10,0.30303030303030304,0.052083333333333336,3.01925505050505,383,13,0.3939393939393939,0.033942558746736295,1.9676398449244403,0.02130634365817593,0.09575258867645271
catboost_regularized,cpu,20260922,cn7,967,13,0.01344364012409514,0.1573533939243806,0.9215045960328979,97,8,0.6153846153846154,0.08247422680412371,6.134813639968279,194,12,0.9230769230769231,0.061855670103092786,4.601110229976209,0.016051675504757005,0.061979638343205634
catboost_regularized,cpu,20260922,rg3,946,20,0.021141649048625793,0.03838326442515248,0.5550755939524837,95,3,0.15,0.031578947368421054,1.4936842105263157,190,5,0.25,0.02631578947368421,1.2447368421052631,0.026677658779059754,0.1302752556661461
catboost_regularized,cpu,20260923,all,1913,33,0.017250392054364874,0.056123641204447516,0.7580029013539652,192,9,0.2727272727272727,0.046875,2.7173295454545454,383,14,0.42424242424242425,0.03655352480417755,2.118996756072474,0.021148759906836834,0.09463402958107192
catboost_regularized,cpu,20260923,cn7,967,13,0.01344364012409514,0.11415014302350829,0.9232785034671828,97,9,0.6923076923076923,0.09278350515463918,6.901665344964314,194,12,0.9230769230769231,0.061855670103092786,4.601110229976209,0.01563432071458559,0.06001232618208925
catboost_regularized,cpu,20260923,rg3,946,20,0.021141649048625793,0.04939218513973405,0.5523758099352052,95,3,0.15,0.031578947368421054,1.4936842105263157,190,4,0.2,0.021052631578947368,0.9957894736842106,0.02678561265409577,0.13002429087791786
catboost_regularized,cpu,20260924,all,1913,33,0.017250392054364874,0.05297021282202304,0.7492343649258543,192,9,0.2727272727272727,0.046875,2.7173295454545454,383,16,0.48484848484848486,0.04177545691906005,2.4217105783685415,0.021399925081447346,0.09642375214820435
catboost_regularized,cpu,20260924,cn7,967,13,0.01344364012409514,0.10552958103679237,0.9135220125786163,97,8,0.6153846153846154,0.08247422680412371,6.134813639968279,194,12,0.9230769230769231,0.061855670103092786,4.601110229976209,0.01645672029470799,0.06384037624874535
catboost_regularized,cpu,20260924,rg3,946,20,0.021141649048625793,0.029379812633333165,0.5566954643628509,95,3,0.15,0.031578947368421054,1.4936842105263157,190,5,0.25,0.02631578947368421,1.2447368421052631,0.02645286274400226,0.12973043766065348
