model,device,seed,fold,train_rows,train_positives,rows,positives,prevalence,average_precision,roc_auc,top10_k,top10_positives,top10_recall,top10_precision,top10_lift,top20_k,top20_positives,top20_recall,top20_precision,top20_lift,brier_unadjusted,log_loss_unadjusted
logistic_ref,cpu,20260922,0,1529,26,384,7,0.018229166666666668,0.32084085902963727,0.8118605532398637,39,2,0.2857142857142857,0.05128205128205128,2.813186813186813,77,4,0.5714285714285714,0.05194805194805195,2.849721706864564,0.1707770856370214,0.5073100076422689
logistic_ref,cpu,20260922,1,1529,26,384,7,0.018229166666666668,0.04645803576487215,0.7004547176960969,39,2,0.2857142857142857,0.05128205128205128,2.813186813186813,77,2,0.2857142857142857,0.025974025974025976,1.424860853432282,0.1384516748854373,0.42085579121290073
logistic_ref,cpu,20260922,2,1532,27,381,6,0.015748031496062992,0.10944419597718427,0.808888888888889,39,3,0.5,0.07692307692307693,4.884615384615385,77,4,0.6666666666666666,0.05194805194805195,3.298701298701299,0.16227435417102815,0.47738832561805633
logistic_ref,cpu,20260922,3,1531,27,382,6,0.015706806282722512,0.026090437686666836,0.6445035460992907,39,1,0.16666666666666666,0.02564102564102564,1.6324786324786325,77,1,0.16666666666666666,0.012987012987012988,0.8268398268398269,0.16281770341670684,0.5196821876775433
logistic_ref,cpu,20260922,4,1531,26,382,7,0.01832460732984293,0.18991348524242022,0.8382857142857143,39,3,0.42857142857142855,0.07692307692307693,4.197802197802198,77,5,0.7142857142857143,0.06493506493506493,3.543599257884972,0.1706333094915062,0.49606835358422646
logistic_ref,cpu,20260923,0,1529,26,384,7,0.018229166666666668,0.32084085902963727,0.8118605532398637,39,2,0.2857142857142857,0.05128205128205128,2.813186813186813,77,4,0.5714285714285714,0.05194805194805195,2.849721706864564,0.1707770856370214,0.5073100076422689
logistic_ref,cpu,20260923,1,1529,26,384,7,0.018229166666666668,0.04645803576487215,0.7004547176960969,39,2,0.2857142857142857,0.05128205128205128,2.813186813186813,77,2,0.2857142857142857,0.025974025974025976,1.424860853432282,0.1384516748854373,0.42085579121290073
logistic_ref,cpu,20260923,2,1532,27,381,6,0.015748031496062992,0.10944419597718427,0.808888888888889,39,3,0.5,0.07692307692307693,4.884615384615385,77,4,0.6666666666666666,0.05194805194805195,3.298701298701299,0.16227435417102815,0.47738832561805633
logistic_ref,cpu,20260923,3,1531,27,382,6,0.015706806282722512,0.026090437686666836,0.6445035460992907,39,1,0.16666666666666666,0.02564102564102564,1.6324786324786325,77,1,0.16666666666666666,0.012987012987012988,0.8268398268398269,0.16281770341670684,0.5196821876775433
logistic_ref,cpu,20260923,4,1531,26,382,7,0.01832460732984293,0.18991348524242022,0.8382857142857143,39,3,0.42857142857142855,0.07692307692307693,4.197802197802198,77,5,0.7142857142857143,0.06493506493506493,3.543599257884972,0.1706333094915062,0.49606835358422646
logistic_ref,cpu,20260924,0,1529,26,384,7,0.018229166666666668,0.32084085902963727,0.8118605532398637,39,2,0.2857142857142857,0.05128205128205128,2.813186813186813,77,4,0.5714285714285714,0.05194805194805195,2.849721706864564,0.1707770856370214,0.5073100076422689
logistic_ref,cpu,20260924,1,1529,26,384,7,0.018229166666666668,0.04645803576487215,0.7004547176960969,39,2,0.2857142857142857,0.05128205128205128,2.813186813186813,77,2,0.2857142857142857,0.025974025974025976,1.424860853432282,0.1384516748854373,0.42085579121290073
logistic_ref,cpu,20260924,2,1532,27,381,6,0.015748031496062992,0.10944419597718427,0.808888888888889,39,3,0.5,0.07692307692307693,4.884615384615385,77,4,0.6666666666666666,0.05194805194805195,3.298701298701299,0.16227435417102815,0.47738832561805633
logistic_ref,cpu,20260924,3,1531,27,382,6,0.015706806282722512,0.026090437686666836,0.6445035460992907,39,1,0.16666666666666666,0.02564102564102564,1.6324786324786325,77,1,0.16666666666666666,0.012987012987012988,0.8268398268398269,0.16281770341670684,0.5196821876775433
logistic_ref,cpu,20260924,4,1531,26,382,7,0.01832460732984293,0.18991348524242022,0.8382857142857143,39,3,0.42857142857142855,0.07692307692307693,4.197802197802198,77,5,0.7142857142857143,0.06493506493506493,3.543599257884972,0.1706333094915062,0.49606835358422646
lgbm_shallow,cpu,20260922,0,1529,26,384,7,0.018229166666666668,0.03567548199326412,0.6693823417961349,39,1,0.14285714285714285,0.02564102564102564,1.4065934065934065,77,3,0.42857142857142855,0.03896103896103896,2.137291280148423,0.04559388757672772,0.16256071262364127
lgbm_shallow,cpu,20260922,1,1529,26,384,7,0.018229166666666668,0.03444471141534693,0.6511936339522546,39,1,0.14285714285714285,0.02564102564102564,1.4065934065934065,77,2,0.2857142857142857,0.025974025974025976,1.424860853432282,0.03620846669477948,0.1470632670391072
lgbm_shallow,cpu,20260922,2,1532,27,381,6,0.015748031496062992,0.0491211285583053,0.6991111111111111,39,2,0.3333333333333333,0.05128205128205128,3.2564102564102564,77,3,0.5,0.03896103896103896,2.474025974025974,0.03565749688406981,0.14124723004924583
lgbm_shallow,cpu,20260922,3,1531,27,382,6,0.015706806282722512,0.03311778377567851,0.7118794326241135,39,1,0.16666666666666666,0.02564102564102564,1.6324786324786325,77,2,0.3333333333333333,0.025974025974025976,1.6536796536796539,0.037879334139749324,0.14077039871938504
lgbm_shallow,cpu,20260922,4,1531,26,382,7,0.01832460732984293,0.38291019325502085,0.9304761904761905,39,5,0.7142857142857143,0.1282051282051282,6.996336996336996,77,7,1.0,0.09090909090909091,4.961038961038962,0.031094538961808714,0.10987482267961933
lgbm_shallow,cpu,20260923,0,1529,26,384,7,0.018229166666666668,0.03567548199326412,0.6693823417961349,39,1,0.14285714285714285,0.02564102564102564,1.4065934065934065,77,3,0.42857142857142855,0.03896103896103896,2.137291280148423,0.04559388757672772,0.16256071262364127
lgbm_shallow,cpu,20260923,1,1529,26,384,7,0.018229166666666668,0.03444471141534693,0.6511936339522546,39,1,0.14285714285714285,0.02564102564102564,1.4065934065934065,77,2,0.2857142857142857,0.025974025974025976,1.424860853432282,0.03620846669477948,0.1470632670391072
lgbm_shallow,cpu,20260923,2,1532,27,381,6,0.015748031496062992,0.0491211285583053,0.6991111111111111,39,2,0.3333333333333333,0.05128205128205128,3.2564102564102564,77,3,0.5,0.03896103896103896,2.474025974025974,0.03565749688406981,0.14124723004924583
lgbm_shallow,cpu,20260923,3,1531,27,382,6,0.015706806282722512,0.03311778377567851,0.7118794326241135,39,1,0.16666666666666666,0.02564102564102564,1.6324786324786325,77,2,0.3333333333333333,0.025974025974025976,1.6536796536796539,0.037879334139749324,0.14077039871938504
lgbm_shallow,cpu,20260923,4,1531,26,382,7,0.01832460732984293,0.38291019325502085,0.9304761904761905,39,5,0.7142857142857143,0.1282051282051282,6.996336996336996,77,7,1.0,0.09090909090909091,4.961038961038962,0.031094538961808714,0.10987482267961933
lgbm_shallow,cpu,20260924,0,1529,26,384,7,0.018229166666666668,0.03567548199326412,0.6693823417961349,39,1,0.14285714285714285,0.02564102564102564,1.4065934065934065,77,3,0.42857142857142855,0.03896103896103896,2.137291280148423,0.04559388757672772,0.16256071262364127
lgbm_shallow,cpu,20260924,1,1529,26,384,7,0.018229166666666668,0.03444471141534693,0.6511936339522546,39,1,0.14285714285714285,0.02564102564102564,1.4065934065934065,77,2,0.2857142857142857,0.025974025974025976,1.424860853432282,0.03620846669477948,0.1470632670391072
lgbm_shallow,cpu,20260924,2,1532,27,381,6,0.015748031496062992,0.0491211285583053,0.6991111111111111,39,2,0.3333333333333333,0.05128205128205128,3.2564102564102564,77,3,0.5,0.03896103896103896,2.474025974025974,0.03565749688406981,0.14124723004924583
lgbm_shallow,cpu,20260924,3,1531,27,382,6,0.015706806282722512,0.03311778377567851,0.7118794326241135,39,1,0.16666666666666666,0.02564102564102564,1.6324786324786325,77,2,0.3333333333333333,0.025974025974025976,1.6536796536796539,0.037879334139749324,0.14077039871938504
lgbm_shallow,cpu,20260924,4,1531,26,382,7,0.01832460732984293,0.38291019325502085,0.9304761904761905,39,5,0.7142857142857143,0.1282051282051282,6.996336996336996,77,7,1.0,0.09090909090909091,4.961038961038962,0.031094538961808714,0.10987482267961933
lgbm_regularized,cpu,20260922,0,1529,26,384,7,0.018229166666666668,0.061672838694633664,0.6913603637741569,39,3,0.42857142857142855,0.07692307692307693,4.21978021978022,77,3,0.42857142857142855,0.03896103896103896,2.137291280148423,0.02874580162341751,0.12113398528864511
lgbm_regularized,cpu,20260922,1,1529,26,384,7,0.018229166666666668,0.042570168902136114,0.7072754831375521,39,2,0.2857142857142857,0.05128205128205128,2.813186813186813,77,3,0.42857142857142855,0.03896103896103896,2.137291280148423,0.028617476473675556,0.12373728676101221
lgbm_regularized,cpu,20260922,2,1532,27,381,6,0.015748031496062992,0.05886695763831344,0.7266666666666667,39,2,0.3333333333333333,0.05128205128205128,3.2564102564102564,77,4,0.6666666666666666,0.05194805194805195,3.298701298701299,0.020425339705634964,0.09444499373605343
lgbm_regularized,cpu,20260922,3,1531,27,382,6,0.015706806282722512,0.03082370886277968,0.7127659574468085,39,0,0.0,0.0,0.0,77,2,0.3333333333333333,0.025974025974025976,1.6536796536796539,0.023487250477834534,0.10320833604521344
lgbm_regularized,cpu,20260922,4,1531,26,382,7,0.01832460732984293,0.3956632653061224,0.9198095238095239,39,4,0.5714285714285714,0.10256410256410256,5.597069597069598,77,6,0.8571428571428571,0.07792207792207792,4.252319109461967,0.016697378801747972,0.06873897634675502
lgbm_regularized,cpu,20260923,0,1529,26,384,7,0.018229166666666668,0.05596236915086364,0.6648351648351649,39,3,0.42857142857142855,0.07692307692307693,4.21978021978022,77,3,0.42857142857142855,0.03896103896103896,2.137291280148423,0.028221618942144765,0.1228498980519764
lgbm_regularized,cpu,20260923,1,1529,26,384,7,0.018229166666666668,0.03801478405178923,0.7087912087912087,39,1,0.14285714285714285,0.02564102564102564,1.4065934065934065,77,2,0.2857142857142857,0.025974025974025976,1.424860853432282,0.029009342061126375,0.12547978327228235
lgbm_regularized,cpu,20260923,2,1532,27,381,6,0.015748031496062992,0.06318709857191991,0.732,39,1,0.16666666666666666,0.02564102564102564,1.6282051282051282,77,3,0.5,0.03896103896103896,2.474025974025974,0.021849000497017414,0.09859008206544753
lgbm_regularized,cpu,20260923,3,1531,27,382,6,0.015706806282722512,0.03237600715573586,0.7375886524822695,39,0,0.0,0.0,0.0,77,2,0.3333333333333333,0.025974025974025976,1.6536796536796539,0.022919330622645548,0.09937478401919347
lgbm_regularized,cpu,20260923,4,1531,26,382,7,0.01832460732984293,0.2937353472462431,0.9167619047619047,39,4,0.5714285714285714,0.10256410256410256,5.597069597069598,77,6,0.8571428571428571,0.07792207792207792,4.252319109461967,0.017435074911196762,0.07034699279132117
lgbm_regularized,cpu,20260924,0,1529,26,384,7,0.018229166666666668,0.06015111398906708,0.6943918150814703,39,3,0.42857142857142855,0.07692307692307693,4.21978021978022,77,3,0.42857142857142855,0.03896103896103896,2.137291280148423,0.02955351716838768,0.12157024817294593
lgbm_regularized,cpu,20260924,1,1529,26,384,7,0.018229166666666668,0.04062521684700596,0.6966654035619553,39,1,0.14285714285714285,0.02564102564102564,1.4065934065934065,77,4,0.5714285714285714,0.05194805194805195,2.849721706864564,0.027598616918052876,0.12278283923174112
lgbm_regularized,cpu,20260924,2,1532,27,381,6,0.015748031496062992,0.061472474843392924,0.7368888888888889,39,2,0.3333333333333333,0.05128205128205128,3.2564102564102564,77,4,0.6666666666666666,0.05194805194805195,3.298701298701299,0.020588320245996845,0.09388871006621254
lgbm_regularized,cpu,20260924,3,1531,27,382,6,0.015706806282722512,0.03144172576450205,0.7198581560283688,39,0,0.0,0.0,0.0,77,1,0.16666666666666666,0.012987012987012988,0.8268398268398269,0.02249369540607884,0.10055181583220348
lgbm_regularized,cpu,20260924,4,1531,26,382,7,0.01832460732984293,0.29132074014977993,0.9121904761904762,39,4,0.5714285714285714,0.10256410256410256,5.597069597069598,77,6,0.8571428571428571,0.07792207792207792,4.252319109461967,0.01801803845649433,0.07176147617194632
xgb_shallow,cpu,20260922,0,1529,26,384,7,0.018229166666666668,0.044099476044454876,0.6830238726790452,39,2,0.2857142857142857,0.05128205128205128,2.813186813186813,77,3,0.42857142857142855,0.03896103896103896,2.137291280148423,0.08327477300063975,0.2721543039918609
xgb_shallow,cpu,20260922,1,1529,26,384,7,0.018229166666666668,0.053398765056951195,0.7527472527472527,39,2,0.2857142857142857,0.05128205128205128,2.813186813186813,77,3,0.42857142857142855,0.03896103896103896,2.137291280148423,0.057721904782336,0.2073225048768993
xgb_shallow,cpu,20260922,2,1532,27,381,6,0.015748031496062992,0.08494582643075797,0.7395555555555556,39,3,0.5,0.07692307692307693,4.884615384615385,77,4,0.6666666666666666,0.05194805194805195,3.298701298701299,0.07307464445076207,0.2592177522683193
xgb_shallow,cpu,20260922,3,1531,27,382,6,0.015706806282722512,0.04415544967015555,0.7659574468085106,39,2,0.3333333333333333,0.05128205128205128,3.264957264957265,77,2,0.3333333333333333,0.025974025974025976,1.6536796536796539,0.07083017782921709,0.23846508534160946
xgb_shallow,cpu,20260922,4,1531,26,382,7,0.01832460732984293,0.14550420168067227,0.9022857142857142,39,5,0.7142857142857143,0.1282051282051282,6.996336996336996,77,6,0.8571428571428571,0.07792207792207792,4.252319109461967,0.07347649556259403,0.24566388241760304
xgb_shallow,cpu,20260923,0,1529,26,384,7,0.018229166666666668,0.044099476044454876,0.6830238726790452,39,2,0.2857142857142857,0.05128205128205128,2.813186813186813,77,3,0.42857142857142855,0.03896103896103896,2.137291280148423,0.08327477300063975,0.2721543039918609
xgb_shallow,cpu,20260923,1,1529,26,384,7,0.018229166666666668,0.053398765056951195,0.7527472527472527,39,2,0.2857142857142857,0.05128205128205128,2.813186813186813,77,3,0.42857142857142855,0.03896103896103896,2.137291280148423,0.057721904782336,0.2073225048768993
xgb_shallow,cpu,20260923,2,1532,27,381,6,0.015748031496062992,0.08494582643075797,0.7395555555555556,39,3,0.5,0.07692307692307693,4.884615384615385,77,4,0.6666666666666666,0.05194805194805195,3.298701298701299,0.07307464445076207,0.2592177522683193
xgb_shallow,cpu,20260923,3,1531,27,382,6,0.015706806282722512,0.04415544967015555,0.7659574468085106,39,2,0.3333333333333333,0.05128205128205128,3.264957264957265,77,2,0.3333333333333333,0.025974025974025976,1.6536796536796539,0.07083017782921709,0.23846508534160946
xgb_shallow,cpu,20260923,4,1531,26,382,7,0.01832460732984293,0.14550420168067227,0.9022857142857142,39,5,0.7142857142857143,0.1282051282051282,6.996336996336996,77,6,0.8571428571428571,0.07792207792207792,4.252319109461967,0.07347649556259403,0.24566388241760304
xgb_shallow,cpu,20260924,0,1529,26,384,7,0.018229166666666668,0.044099476044454876,0.6830238726790452,39,2,0.2857142857142857,0.05128205128205128,2.813186813186813,77,3,0.42857142857142855,0.03896103896103896,2.137291280148423,0.08327477300063975,0.2721543039918609
xgb_shallow,cpu,20260924,1,1529,26,384,7,0.018229166666666668,0.053398765056951195,0.7527472527472527,39,2,0.2857142857142857,0.05128205128205128,2.813186813186813,77,3,0.42857142857142855,0.03896103896103896,2.137291280148423,0.057721904782336,0.2073225048768993
xgb_shallow,cpu,20260924,2,1532,27,381,6,0.015748031496062992,0.08494582643075797,0.7395555555555556,39,3,0.5,0.07692307692307693,4.884615384615385,77,4,0.6666666666666666,0.05194805194805195,3.298701298701299,0.07307464445076207,0.2592177522683193
xgb_shallow,cpu,20260924,3,1531,27,382,6,0.015706806282722512,0.04415544967015555,0.7659574468085106,39,2,0.3333333333333333,0.05128205128205128,3.264957264957265,77,2,0.3333333333333333,0.025974025974025976,1.6536796536796539,0.07083017782921709,0.23846508534160946
xgb_shallow,cpu,20260924,4,1531,26,382,7,0.01832460732984293,0.14550420168067227,0.9022857142857142,39,5,0.7142857142857143,0.1282051282051282,6.996336996336996,77,6,0.8571428571428571,0.07792207792207792,4.252319109461967,0.07347649556259403,0.24566388241760304
xgb_regularized,cpu,20260922,0,1529,26,384,7,0.018229166666666668,0.050719518942643635,0.7103069344448655,39,3,0.42857142857142855,0.07692307692307693,4.21978021978022,77,3,0.42857142857142855,0.03896103896103896,2.137291280148423,0.04724904154015175,0.1698170872844124
xgb_regularized,cpu,20260922,1,1529,26,384,7,0.018229166666666668,0.051511381135854545,0.7686623721106479,39,3,0.42857142857142855,0.07692307692307693,4.21978021978022,77,3,0.42857142857142855,0.03896103896103896,2.137291280148423,0.0323857087724087,0.12836108812017252
xgb_regularized,cpu,20260922,2,1532,27,381,6,0.015748031496062992,0.11040141112023807,0.7817777777777777,39,3,0.5,0.07692307692307693,4.884615384615385,77,4,0.6666666666666666,0.05194805194805195,3.298701298701299,0.03479452667131363,0.14207191561093974
xgb_regularized,cpu,20260922,3,1531,27,382,6,0.015706806282722512,0.031170829166609754,0.7127659574468086,39,0,0.0,0.0,0.0,77,3,0.5,0.03896103896103896,2.480519480519481,0.03755460870017476,0.14140972033683596
xgb_regularized,cpu,20260922,4,1531,26,382,7,0.01832460732984293,0.4591666666666666,0.8931428571428571,39,4,0.5714285714285714,0.10256410256410256,5.597069597069598,77,5,0.7142857142857143,0.06493506493506493,3.543599257884972,0.03517451499473757,0.130640615357104
xgb_regularized,cpu,20260923,0,1529,26,384,7,0.018229166666666668,0.04376168505295486,0.6966654035619553,39,1,0.14285714285714285,0.02564102564102564,1.4065934065934065,77,3,0.42857142857142855,0.03896103896103896,2.137291280148423,0.05121707048601574,0.17905599885583648
xgb_regularized,cpu,20260923,1,1529,26,384,7,0.018229166666666668,0.04432260805083105,0.7451686244789693,39,2,0.2857142857142857,0.05128205128205128,2.813186813186813,77,4,0.5714285714285714,0.05194805194805195,2.849721706864564,0.03333583835261149,0.13063868367769763
xgb_regularized,cpu,20260923,2,1532,27,381,6,0.015748031496062992,0.08859068377488677,0.764888888888889,39,3,0.5,0.07692307692307693,4.884615384615385,77,4,0.6666666666666666,0.05194805194805195,3.298701298701299,0.03630778973142318,0.14511173229568394
xgb_regularized,cpu,20260923,3,1531,27,382,6,0.015706806282722512,0.03504685420669028,0.749113475177305,39,0,0.0,0.0,0.0,77,3,0.5,0.03896103896103896,2.480519480519481,0.04073718904197671,0.14778028043737076
xgb_regularized,cpu,20260923,4,1531,26,382,7,0.01832460732984293,0.45688915458754,0.8923809523809523,39,4,0.5714285714285714,0.10256410256410256,5.597069597069598,77,5,0.7142857142857143,0.06493506493506493,3.543599257884972,0.03717572261571023,0.13586284114879488
xgb_regularized,cpu,20260924,0,1529,26,384,7,0.018229166666666668,0.056898286670466605,0.7330428192497158,39,3,0.42857142857142855,0.07692307692307693,4.21978021978022,77,3,0.42857142857142855,0.03896103896103896,2.137291280148423,0.04832389678556412,0.17136889290534554
xgb_regularized,cpu,20260924,1,1529,26,384,7,0.018229166666666668,0.046688670930305126,0.7557787040545662,39,2,0.2857142857142857,0.05128205128205128,2.813186813186813,77,4,0.5714285714285714,0.05194805194805195,2.849721706864564,0.03380397808958623,0.1312265213032566
xgb_regularized,cpu,20260924,2,1532,27,381,6,0.015748031496062992,0.09105770897776316,0.768,39,3,0.5,0.07692307692307693,4.884615384615385,77,3,0.5,0.03896103896103896,2.474025974025974,0.03589255152872952,0.14391872890990073
xgb_regularized,cpu,20260924,3,1531,27,382,6,0.015706806282722512,0.03814503075435537,0.7384751773049645,39,1,0.16666666666666666,0.02564102564102564,1.6324786324786325,77,3,0.5,0.03896103896103896,2.480519480519481,0.04147802741982717,0.14957586314752935
xgb_regularized,cpu,20260924,4,1531,26,382,7,0.01832460732984293,0.4474112003523768,0.8809523809523809,39,4,0.5714285714285714,0.10256410256410256,5.597069597069598,77,5,0.7142857142857143,0.06493506493506493,3.543599257884972,0.03694894536163298,0.13510264265520314
catboost_ref,cpu,20260922,0,1529,26,384,7,0.018229166666666668,0.057746030080185515,0.7262220538082608,39,3,0.42857142857142855,0.07692307692307693,4.21978021978022,77,4,0.5714285714285714,0.05194805194805195,2.849721706864564,0.02698591674879465,0.11636465241550908
catboost_ref,cpu,20260922,1,1529,26,384,7,0.018229166666666668,0.037630328341013826,0.6655930276619932,39,1,0.14285714285714285,0.02564102564102564,1.4065934065934065,77,3,0.42857142857142855,0.03896103896103896,2.137291280148423,0.02576745112302221,0.11539742057441327
catboost_ref,cpu,20260922,2,1532,27,381,6,0.015748031496062992,0.05417705752883185,0.652,39,1,0.16666666666666666,0.02564102564102564,1.6282051282051282,77,3,0.5,0.03896103896103896,2.474025974025974,0.025629515466458856,0.11809335880548756
catboost_ref,cpu,20260922,3,1531,27,382,6,0.015706806282722512,0.031724119684646,0.7074468085106383,39,0,0.0,0.0,0.0,77,2,0.3333333333333333,0.025974025974025976,1.6536796536796539,0.02637691764466637,0.11263385864575233
catboost_ref,cpu,20260922,4,1531,26,382,7,0.01832460732984293,0.227468671679198,0.8916190476190476,39,4,0.5714285714285714,0.10256410256410256,5.597069597069598,77,6,0.8571428571428571,0.07792207792207792,4.252319109461967,0.023513584816036378,0.09537146328256464
catboost_ref,cpu,20260923,0,1529,26,384,7,0.018229166666666668,0.059861850963375846,0.7625994694960212,39,3,0.42857142857142855,0.07692307692307693,4.21978021978022,77,4,0.5714285714285714,0.05194805194805195,2.849721706864564,0.025905717720591054,0.10973505838561826
catboost_ref,cpu,20260923,1,1529,26,384,7,0.018229166666666668,0.03865837243988504,0.6330049261083743,39,2,0.2857142857142857,0.05128205128205128,2.813186813186813,77,3,0.42857142857142855,0.03896103896103896,2.137291280148423,0.02455492807992853,0.11353600791842788
catboost_ref,cpu,20260923,2,1532,27,381,6,0.015748031496062992,0.03768064163177685,0.6737777777777777,39,1,0.16666666666666666,0.02564102564102564,1.6282051282051282,77,3,0.5,0.03896103896103896,2.474025974025974,0.02638799983863498,0.11703271678132388
catboost_ref,cpu,20260923,3,1531,27,382,6,0.015706806282722512,0.03380578257371261,0.7367021276595744,39,0,0.0,0.0,0.0,77,3,0.5,0.03896103896103896,2.480519480519481,0.024340341074807925,0.10469063313596333
catboost_ref,cpu,20260923,4,1531,26,382,7,0.01832460732984293,0.23320233498804924,0.8847619047619049,39,4,0.5714285714285714,0.10256410256410256,5.597069597069598,77,5,0.7142857142857143,0.06493506493506493,3.543599257884972,0.022751009264400105,0.09335870658851927
catboost_ref,cpu,20260924,0,1529,26,384,7,0.018229166666666668,0.0936433446485465,0.7603258810155362,39,3,0.42857142857142855,0.07692307692307693,4.21978021978022,77,4,0.5714285714285714,0.05194805194805195,2.849721706864564,0.025692266134711525,0.1123149040765647
catboost_ref,cpu,20260924,1,1529,26,384,7,0.018229166666666668,0.03760909574037108,0.6739295187571048,39,2,0.2857142857142857,0.05128205128205128,2.813186813186813,77,3,0.42857142857142855,0.03896103896103896,2.137291280148423,0.02464766183709199,0.1110257874987096
catboost_ref,cpu,20260924,2,1532,27,381,6,0.015748031496062992,0.044809029845469237,0.6639999999999999,39,1,0.16666666666666666,0.02564102564102564,1.6282051282051282,77,2,0.3333333333333333,0.025974025974025976,1.6493506493506496,0.025211739567282402,0.11696556531186976
catboost_ref,cpu,20260924,3,1531,27,382,6,0.015706806282722512,0.03194144661009031,0.7163120567375887,39,1,0.16666666666666666,0.02564102564102564,1.6324786324786325,77,2,0.3333333333333333,0.025974025974025976,1.6536796536796539,0.02773614715301513,0.11415757412224269
catboost_ref,cpu,20260924,4,1531,26,382,7,0.01832460732984293,0.10845761381475666,0.8664761904761904,39,4,0.5714285714285714,0.10256410256410256,5.597069597069598,77,4,0.5714285714285714,0.05194805194805195,2.8348794063079783,0.026767268228359283,0.10371639906251323
catboost_regularized,cpu,20260922,0,1529,26,384,7,0.018229166666666668,0.06255033544949512,0.7580522925350512,39,3,0.42857142857142855,0.07692307692307693,4.21978021978022,77,5,0.7142857142857143,0.06493506493506493,3.5621521335807045,0.023127166646421272,0.1026925493342486
catboost_regularized,cpu,20260922,1,1529,26,384,7,0.018229166666666668,0.039343959461404406,0.7156119742326639,39,1,0.14285714285714285,0.02564102564102564,1.4065934065934065,77,3,0.42857142857142855,0.03896103896103896,2.137291280148423,0.023613398510615502,0.10524052624028128
catboost_regularized,cpu,20260922,2,1532,27,381,6,0.015748031496062992,0.031738650209197194,0.6364444444444444,39,1,0.16666666666666666,0.02564102564102564,1.6282051282051282,77,2,0.3333333333333333,0.025974025974025976,1.6493506493506496,0.02033229955194974,0.10048080099023936
catboost_regularized,cpu,20260922,3,1531,27,382,6,0.015706806282722512,0.03440810272148027,0.7553191489361702,39,1,0.16666666666666666,0.02564102564102564,1.6324786324786325,77,1,0.16666666666666666,0.012987012987012988,0.8268398268398269,0.02029796352135055,0.0915292215634255
catboost_regularized,cpu,20260922,4,1531,26,382,7,0.01832460732984293,0.2740255105873767,0.8992380952380953,39,4,0.5714285714285714,0.10256410256410256,5.597069597069598,77,5,0.7142857142857143,0.06493506493506493,3.543599257884972,0.019136728280993904,0.07874621283488178
catboost_regularized,cpu,20260923,0,1529,26,384,7,0.018229166666666668,0.05079746969689748,0.7330428192497158,39,3,0.42857142857142855,0.07692307692307693,4.21978021978022,77,3,0.42857142857142855,0.03896103896103896,2.137291280148423,0.024720731944980954,0.1071604829471443
catboost_regularized,cpu,20260923,1,1529,26,384,7,0.018229166666666668,0.037720143711253665,0.7072754831375521,39,1,0.14285714285714285,0.02564102564102564,1.4065934065934065,77,3,0.42857142857142855,0.03896103896103896,2.137291280148423,0.023184792823372904,0.10393693985278879
catboost_regularized,cpu,20260923,2,1532,27,381,6,0.015748031496062992,0.03880433640276716,0.7026666666666667,39,1,0.16666666666666666,0.02564102564102564,1.6282051282051282,77,2,0.3333333333333333,0.025974025974025976,1.6493506493506496,0.01892976604356568,0.09238094348360777
catboost_regularized,cpu,20260923,3,1531,27,382,6,0.015706806282722512,0.03820245164579656,0.7730496453900709,39,1,0.16666666666666666,0.02564102564102564,1.6324786324786325,77,2,0.3333333333333333,0.025974025974025976,1.6536796536796539,0.01894446403977688,0.08666371272746368
catboost_regularized,cpu,20260923,4,1531,26,382,7,0.01832460732984293,0.20861561197827394,0.8794285714285714,39,4,0.5714285714285714,0.10256410256410256,5.597069597069598,77,4,0.5714285714285714,0.05194805194805195,2.8348794063079783,0.0199288745155437,0.08290788090123193
catboost_regularized,cpu,20260924,0,1529,26,384,7,0.018229166666666668,0.05277875375037108,0.7406214475179992,39,3,0.42857142857142855,0.07692307692307693,4.21978021978022,77,3,0.42857142857142855,0.03896103896103896,2.137291280148423,0.023985398046999173,0.10563399873879736
catboost_regularized,cpu,20260924,1,1529,26,384,7,0.018229166666666668,0.03589102316737926,0.7133383857521788,39,1,0.14285714285714285,0.02564102564102564,1.4065934065934065,77,2,0.2857142857142857,0.025974025974025976,1.424860853432282,0.02390465527125776,0.10723495686015845
catboost_regularized,cpu,20260924,2,1532,27,381,6,0.015748031496062992,0.03637288604357559,0.6737777777777779,39,1,0.16666666666666666,0.02564102564102564,1.6282051282051282,77,3,0.5,0.03896103896103896,2.474025974025974,0.019976140034631332,0.09680719270074048
catboost_regularized,cpu,20260924,3,1531,27,382,6,0.015706806282722512,0.035476006894049346,0.74822695035461,39,1,0.16666666666666666,0.02564102564102564,1.6324786324786325,77,2,0.3333333333333333,0.025974025974025976,1.6536796536796539,0.020143463491365664,0.09216559093025253
catboost_regularized,cpu,20260924,4,1531,26,382,7,0.01832460732984293,0.19998445335344475,0.8855238095238095,39,4,0.5714285714285714,0.10256410256410256,5.597069597069598,77,5,0.7142857142857143,0.06493506493506493,3.543599257884972,0.018959591098696025,0.08017320092978354
