pipeline,seed,fraction,contract,n,positives,k,tp,fp,fn,tn,precision,recall,f1,accuracy,fpr,fdr,ap,auc
historical_gpu,20260922,0.05,historical_pooled,1913,33,97,10,87,23,1793,0.10309278350515463,0.30303030303030304,0.15384615384615385,0.9424986931521171,0.04627659574468085,0.8969072164948454,0.1030638082812796,0.7975580270793037
historical_gpu,20260922,0.05,batch_allocated,1913,33,97,10,87,23,1793,0.10309278350515463,0.30303030303030304,0.15384615384615385,0.9424986931521171,0.04627659574468085,0.8969072164948454,0.1030638082812796,0.7975580270793037
historical_gpu,20260922,0.075,historical_pooled,1913,33,144,14,130,19,1750,0.09722222222222222,0.42424242424242425,0.15819209039548024,0.9221118661787768,0.06914893617021277,0.9027777777777778,0.1030638082812796,0.7975580270793037
historical_gpu,20260922,0.075,batch_allocated,1913,33,144,15,129,18,1751,0.10416666666666667,0.45454545454545453,0.1694915254237288,0.9231573444851019,0.06861702127659575,0.8958333333333334,0.1030638082812796,0.7975580270793037
historical_gpu,20260922,0.1,historical_pooled,1913,33,192,16,176,17,1704,0.08333333333333333,0.48484848484848486,0.14222222222222222,0.8991113434396236,0.09361702127659574,0.9166666666666666,0.1030638082812796,0.7975580270793037
historical_gpu,20260922,0.1,batch_allocated,1913,33,192,18,174,15,1706,0.09375,0.5454545454545454,0.16,0.9012023000522739,0.0925531914893617,0.90625,0.1030638082812796,0.7975580270793037
historical_cpu,20260922,0.05,historical_pooled,1913,33,97,8,89,25,1791,0.08247422680412371,0.24242424242424243,0.12307692307692308,0.9404077365394669,0.04734042553191489,0.9175257731958762,0.11541918898088648,0.7584219858156029
historical_cpu,20260922,0.05,batch_allocated,1913,33,97,8,89,25,1791,0.08247422680412371,0.24242424242424243,0.12307692307692308,0.9404077365394669,0.04734042553191489,0.9175257731958762,0.11541918898088648,0.7584219858156029
historical_cpu,20260922,0.075,historical_pooled,1913,33,144,9,135,24,1745,0.0625,0.2727272727272727,0.1016949152542373,0.9168844746471511,0.07180851063829788,0.9375,0.11541918898088648,0.7584219858156029
historical_cpu,20260922,0.075,batch_allocated,1913,33,144,10,134,23,1746,0.06944444444444445,0.30303030303030304,0.11299435028248588,0.9179299529534762,0.07127659574468086,0.9305555555555556,0.11541918898088648,0.7584219858156029
historical_cpu,20260922,0.1,historical_pooled,1913,33,192,12,180,21,1700,0.0625,0.36363636363636365,0.10666666666666667,0.894929430214323,0.09574468085106383,0.9375,0.11541918898088648,0.7584219858156029
historical_cpu,20260922,0.1,batch_allocated,1913,33,192,11,181,22,1699,0.057291666666666664,0.3333333333333333,0.09777777777777778,0.893883951907998,0.09627659574468085,0.9427083333333334,0.11541918898088648,0.7584219858156029
historical_gpu,20260923,0.05,historical_pooled,1913,33,97,11,86,22,1794,0.1134020618556701,0.3333333333333333,0.16923076923076924,0.9435441714584423,0.045744680851063826,0.8865979381443299,0.09911264784435664,0.7943181818181819
historical_gpu,20260923,0.05,batch_allocated,1913,33,97,10,87,23,1793,0.10309278350515463,0.30303030303030304,0.15384615384615385,0.9424986931521171,0.04627659574468085,0.8969072164948454,0.09911264784435664,0.7943181818181819
historical_gpu,20260923,0.075,historical_pooled,1913,33,144,14,130,19,1750,0.09722222222222222,0.42424242424242425,0.15819209039548024,0.9221118661787768,0.06914893617021277,0.9027777777777778,0.09911264784435664,0.7943181818181819
historical_gpu,20260923,0.075,batch_allocated,1913,33,144,15,129,18,1751,0.10416666666666667,0.45454545454545453,0.1694915254237288,0.9231573444851019,0.06861702127659575,0.8958333333333334,0.09911264784435664,0.7943181818181819
historical_gpu,20260923,0.1,historical_pooled,1913,33,192,17,175,16,1705,0.08854166666666667,0.5151515151515151,0.1511111111111111,0.9001568217459488,0.09308510638297872,0.9114583333333334,0.09911264784435664,0.7943181818181819
historical_gpu,20260923,0.1,batch_allocated,1913,33,192,18,174,15,1706,0.09375,0.5454545454545454,0.16,0.9012023000522739,0.0925531914893617,0.90625,0.09911264784435664,0.7943181818181819
historical_cpu,20260923,0.05,historical_pooled,1913,33,97,8,89,25,1791,0.08247422680412371,0.24242424242424243,0.12307692307692308,0.9404077365394669,0.04734042553191489,0.9175257731958762,0.11541918898088648,0.7584219858156029
historical_cpu,20260923,0.05,batch_allocated,1913,33,97,8,89,25,1791,0.08247422680412371,0.24242424242424243,0.12307692307692308,0.9404077365394669,0.04734042553191489,0.9175257731958762,0.11541918898088648,0.7584219858156029
historical_cpu,20260923,0.075,historical_pooled,1913,33,144,9,135,24,1745,0.0625,0.2727272727272727,0.1016949152542373,0.9168844746471511,0.07180851063829788,0.9375,0.11541918898088648,0.7584219858156029
historical_cpu,20260923,0.075,batch_allocated,1913,33,144,10,134,23,1746,0.06944444444444445,0.30303030303030304,0.11299435028248588,0.9179299529534762,0.07127659574468086,0.9305555555555556,0.11541918898088648,0.7584219858156029
historical_cpu,20260923,0.1,historical_pooled,1913,33,192,12,180,21,1700,0.0625,0.36363636363636365,0.10666666666666667,0.894929430214323,0.09574468085106383,0.9375,0.11541918898088648,0.7584219858156029
historical_cpu,20260923,0.1,batch_allocated,1913,33,192,11,181,22,1699,0.057291666666666664,0.3333333333333333,0.09777777777777778,0.893883951907998,0.09627659574468085,0.9427083333333334,0.11541918898088648,0.7584219858156029
historical_gpu,20260924,0.05,historical_pooled,1913,33,97,12,85,21,1795,0.12371134020618557,0.36363636363636365,0.18461538461538463,0.9445896497647673,0.04521276595744681,0.8762886597938144,0.1012199614137821,0.7959300451321728
historical_gpu,20260924,0.05,batch_allocated,1913,33,97,11,86,22,1794,0.1134020618556701,0.3333333333333333,0.16923076923076924,0.9435441714584423,0.045744680851063826,0.8865979381443299,0.1012199614137821,0.7959300451321728
historical_gpu,20260924,0.075,historical_pooled,1913,33,144,13,131,20,1749,0.09027777777777778,0.3939393939393939,0.14689265536723164,0.9210663878724517,0.06968085106382979,0.9097222222222222,0.1012199614137821,0.7959300451321728
historical_gpu,20260924,0.075,batch_allocated,1913,33,144,14,130,19,1750,0.09722222222222222,0.42424242424242425,0.15819209039548024,0.9221118661787768,0.06914893617021277,0.9027777777777778,0.1012199614137821,0.7959300451321728
historical_gpu,20260924,0.1,historical_pooled,1913,33,192,16,176,17,1704,0.08333333333333333,0.48484848484848486,0.14222222222222222,0.8991113434396236,0.09361702127659574,0.9166666666666666,0.1012199614137821,0.7959300451321728
historical_gpu,20260924,0.1,batch_allocated,1913,33,192,17,175,16,1705,0.08854166666666667,0.5151515151515151,0.1511111111111111,0.9001568217459488,0.09308510638297872,0.9114583333333334,0.1012199614137821,0.7959300451321728
historical_cpu,20260924,0.05,historical_pooled,1913,33,97,8,89,25,1791,0.08247422680412371,0.24242424242424243,0.12307692307692308,0.9404077365394669,0.04734042553191489,0.9175257731958762,0.11541918898088648,0.7584219858156029
historical_cpu,20260924,0.05,batch_allocated,1913,33,97,8,89,25,1791,0.08247422680412371,0.24242424242424243,0.12307692307692308,0.9404077365394669,0.04734042553191489,0.9175257731958762,0.11541918898088648,0.7584219858156029
historical_cpu,20260924,0.075,historical_pooled,1913,33,144,9,135,24,1745,0.0625,0.2727272727272727,0.1016949152542373,0.9168844746471511,0.07180851063829788,0.9375,0.11541918898088648,0.7584219858156029
historical_cpu,20260924,0.075,batch_allocated,1913,33,144,10,134,23,1746,0.06944444444444445,0.30303030303030304,0.11299435028248588,0.9179299529534762,0.07127659574468086,0.9305555555555556,0.11541918898088648,0.7584219858156029
historical_cpu,20260924,0.1,historical_pooled,1913,33,192,12,180,21,1700,0.0625,0.36363636363636365,0.10666666666666667,0.894929430214323,0.09574468085106383,0.9375,0.11541918898088648,0.7584219858156029
historical_cpu,20260924,0.1,batch_allocated,1913,33,192,11,181,22,1699,0.057291666666666664,0.3333333333333333,0.09777777777777778,0.893883951907998,0.09627659574468085,0.9427083333333334,0.11541918898088648,0.7584219858156029
historical_gpu,ensemble,0.05,historical_pooled,1913,33,97,11,86,22,1794,0.1134020618556701,0.3333333333333333,0.16923076923076924,0.9435441714584423,0.045744680851063826,0.8865979381443299,0.10477487118804009,0.7966553836234688
historical_gpu,ensemble,0.05,batch_allocated,1913,33,97,10,87,23,1793,0.10309278350515463,0.30303030303030304,0.15384615384615385,0.9424986931521171,0.04627659574468085,0.8969072164948454,0.10477487118804009,0.7966553836234688
historical_gpu,ensemble,0.075,historical_pooled,1913,33,144,13,131,20,1749,0.09027777777777778,0.3939393939393939,0.14689265536723164,0.9210663878724517,0.06968085106382979,0.9097222222222222,0.10477487118804009,0.7966553836234688
historical_gpu,ensemble,0.075,batch_allocated,1913,33,144,14,130,19,1750,0.09722222222222222,0.42424242424242425,0.15819209039548024,0.9221118661787768,0.06914893617021277,0.9027777777777778,0.10477487118804009,0.7966553836234688
historical_gpu,ensemble,0.1,historical_pooled,1913,33,192,16,176,17,1704,0.08333333333333333,0.48484848484848486,0.14222222222222222,0.8991113434396236,0.09361702127659574,0.9166666666666666,0.10477487118804009,0.7966553836234688
historical_gpu,ensemble,0.1,batch_allocated,1913,33,192,18,174,15,1706,0.09375,0.5454545454545454,0.16,0.9012023000522739,0.0925531914893617,0.90625,0.10477487118804009,0.7966553836234688
historical_cpu,ensemble,0.05,historical_pooled,1913,33,97,8,89,25,1791,0.08247422680412371,0.24242424242424243,0.12307692307692308,0.9404077365394669,0.04734042553191489,0.9175257731958762,0.11541918898088648,0.7584219858156029
historical_cpu,ensemble,0.05,batch_allocated,1913,33,97,8,89,25,1791,0.08247422680412371,0.24242424242424243,0.12307692307692308,0.9404077365394669,0.04734042553191489,0.9175257731958762,0.11541918898088648,0.7584219858156029
historical_cpu,ensemble,0.075,historical_pooled,1913,33,144,9,135,24,1745,0.0625,0.2727272727272727,0.1016949152542373,0.9168844746471511,0.07180851063829788,0.9375,0.11541918898088648,0.7584219858156029
historical_cpu,ensemble,0.075,batch_allocated,1913,33,144,10,134,23,1746,0.06944444444444445,0.30303030303030304,0.11299435028248588,0.9179299529534762,0.07127659574468086,0.9305555555555556,0.11541918898088648,0.7584219858156029
historical_cpu,ensemble,0.1,historical_pooled,1913,33,192,12,180,21,1700,0.0625,0.36363636363636365,0.10666666666666667,0.894929430214323,0.09574468085106383,0.9375,0.11541918898088648,0.7584219858156029
historical_cpu,ensemble,0.1,batch_allocated,1913,33,192,11,181,22,1699,0.057291666666666664,0.3333333333333333,0.09777777777777778,0.893883951907998,0.09627659574468085,0.9427083333333334,0.11541918898088648,0.7584219858156029
