pipeline,contract,machine,kind,n,positives,k,tp,fp,fn,tn,precision,recall,f1,accuracy,fpr,fdr,ap,auc
pair_a1,historical_pooled,cn7,conflicting,18,9,12,6,6,3,3,0.5,0.6666666666666666,0.5714285714285714,0.5,0.6666666666666666,0.5,0.5,0.5
pair_a1,historical_pooled,cn7,pure_negative,945,0,57,0,57,0,888,0.0,,0.0,0.9396825396825397,0.06031746031746032,1.0,,
pair_a1,historical_pooled,cn7,pure_positive,4,4,4,4,0,0,0,1.0,1.0,1.0,1.0,,0.0,1.0,
pair_a1,historical_pooled,rg3,conflicting,40,20,4,2,2,18,18,0.5,0.1,0.16666666666666666,0.5,0.1,0.5,0.5000000000000001,0.49999999999999994
pair_a1,historical_pooled,rg3,pure_negative,906,0,67,0,67,0,839,0.0,,0.0,0.9260485651214128,0.0739514348785872,1.0,,
pair_a1,batch_allocated,cn7,conflicting,18,9,14,7,7,2,2,0.5,0.7777777777777778,0.6086956521739131,0.5,0.7777777777777778,0.5,0.5,0.5
pair_a1,batch_allocated,cn7,pure_negative,945,0,55,0,55,0,890,0.0,,0.0,0.9417989417989417,0.0582010582010582,1.0,,
pair_a1,batch_allocated,cn7,pure_positive,4,4,4,4,0,0,0,1.0,1.0,1.0,1.0,,0.0,1.0,
pair_a1,batch_allocated,rg3,conflicting,40,20,6,3,3,17,17,0.5,0.15,0.23076923076923078,0.5,0.15,0.5,0.5000000000000001,0.49999999999999994
pair_a1,batch_allocated,rg3,pure_negative,906,0,65,0,65,0,841,0.0,,0.0,0.9282560706401766,0.0717439293598234,1.0,,
pair_a0,historical_pooled,cn7,conflicting,18,9,12,6,6,3,3,0.5,0.6666666666666666,0.5714285714285714,0.5,0.6666666666666666,0.5,0.5,0.5
pair_a0,historical_pooled,cn7,pure_negative,945,0,57,0,57,0,888,0.0,,0.0,0.9396825396825397,0.06031746031746032,1.0,,
pair_a0,historical_pooled,cn7,pure_positive,4,4,4,4,0,0,0,1.0,1.0,1.0,1.0,,0.0,1.0,
pair_a0,historical_pooled,rg3,conflicting,40,20,2,1,1,19,19,0.5,0.05,0.09090909090909091,0.5,0.05,0.5,0.5000000000000001,0.49999999999999994
pair_a0,historical_pooled,rg3,pure_negative,906,0,69,0,69,0,837,0.0,,0.0,0.9238410596026491,0.076158940397351,1.0,,
pair_a0,batch_allocated,cn7,conflicting,18,9,14,7,7,2,2,0.5,0.7777777777777778,0.6086956521739131,0.5,0.7777777777777778,0.5,0.5,0.5
pair_a0,batch_allocated,cn7,pure_negative,945,0,55,0,55,0,890,0.0,,0.0,0.9417989417989417,0.0582010582010582,1.0,,
pair_a0,batch_allocated,cn7,pure_positive,4,4,4,4,0,0,0,1.0,1.0,1.0,1.0,,0.0,1.0,
pair_a0,batch_allocated,rg3,conflicting,40,20,2,1,1,19,19,0.5,0.05,0.09090909090909091,0.5,0.05,0.5,0.5000000000000001,0.49999999999999994
pair_a0,batch_allocated,rg3,pure_negative,906,0,69,0,69,0,837,0.0,,0.0,0.9238410596026491,0.076158940397351,1.0,,
pair_a0.25,historical_pooled,cn7,conflicting,18,9,12,6,6,3,3,0.5,0.6666666666666666,0.5714285714285714,0.5,0.6666666666666666,0.5,0.5,0.5
pair_a0.25,historical_pooled,cn7,pure_negative,945,0,57,0,57,0,888,0.0,,0.0,0.9396825396825397,0.06031746031746032,1.0,,
pair_a0.25,historical_pooled,cn7,pure_positive,4,4,4,4,0,0,0,1.0,1.0,1.0,1.0,,0.0,1.0,
pair_a0.25,historical_pooled,rg3,conflicting,40,20,4,2,2,18,18,0.5,0.1,0.16666666666666666,0.5,0.1,0.5,0.5000000000000001,0.49999999999999994
pair_a0.25,historical_pooled,rg3,pure_negative,906,0,67,0,67,0,839,0.0,,0.0,0.9260485651214128,0.0739514348785872,1.0,,
pair_a0.25,batch_allocated,cn7,conflicting,18,9,14,7,7,2,2,0.5,0.7777777777777778,0.6086956521739131,0.5,0.7777777777777778,0.5,0.5,0.5
pair_a0.25,batch_allocated,cn7,pure_negative,945,0,55,0,55,0,890,0.0,,0.0,0.9417989417989417,0.0582010582010582,1.0,,
pair_a0.25,batch_allocated,cn7,pure_positive,4,4,4,4,0,0,0,1.0,1.0,1.0,1.0,,0.0,1.0,
pair_a0.25,batch_allocated,rg3,conflicting,40,20,2,1,1,19,19,0.5,0.05,0.09090909090909091,0.5,0.05,0.5,0.5000000000000001,0.49999999999999994
pair_a0.25,batch_allocated,rg3,pure_negative,906,0,69,0,69,0,837,0.0,,0.0,0.9238410596026491,0.076158940397351,1.0,,
pair_a0.5,historical_pooled,cn7,conflicting,18,9,12,6,6,3,3,0.5,0.6666666666666666,0.5714285714285714,0.5,0.6666666666666666,0.5,0.5,0.5
pair_a0.5,historical_pooled,cn7,pure_negative,945,0,57,0,57,0,888,0.0,,0.0,0.9396825396825397,0.06031746031746032,1.0,,
pair_a0.5,historical_pooled,cn7,pure_positive,4,4,4,4,0,0,0,1.0,1.0,1.0,1.0,,0.0,1.0,
pair_a0.5,historical_pooled,rg3,conflicting,40,20,6,3,3,17,17,0.5,0.15,0.23076923076923078,0.5,0.15,0.5,0.5000000000000001,0.49999999999999994
pair_a0.5,historical_pooled,rg3,pure_negative,906,0,65,0,65,0,841,0.0,,0.0,0.9282560706401766,0.0717439293598234,1.0,,
pair_a0.5,batch_allocated,cn7,conflicting,18,9,14,7,7,2,2,0.5,0.7777777777777778,0.6086956521739131,0.5,0.7777777777777778,0.5,0.5,0.5
pair_a0.5,batch_allocated,cn7,pure_negative,945,0,55,0,55,0,890,0.0,,0.0,0.9417989417989417,0.0582010582010582,1.0,,
pair_a0.5,batch_allocated,cn7,pure_positive,4,4,4,4,0,0,0,1.0,1.0,1.0,1.0,,0.0,1.0,
pair_a0.5,batch_allocated,rg3,conflicting,40,20,6,3,3,17,17,0.5,0.15,0.23076923076923078,0.5,0.15,0.5,0.5000000000000001,0.49999999999999994
pair_a0.5,batch_allocated,rg3,pure_negative,906,0,65,0,65,0,841,0.0,,0.0,0.9282560706401766,0.0717439293598234,1.0,,
rank_pairwise,historical_pooled,cn7,conflicting,18,9,12,6,6,3,3,0.5,0.6666666666666666,0.5714285714285714,0.5,0.6666666666666666,0.5,0.5,0.5
rank_pairwise,historical_pooled,cn7,pure_negative,945,0,57,0,57,0,888,0.0,,0.0,0.9396825396825397,0.06031746031746032,1.0,,
rank_pairwise,historical_pooled,cn7,pure_positive,4,4,4,4,0,0,0,1.0,1.0,1.0,1.0,,0.0,1.0,
rank_pairwise,historical_pooled,rg3,conflicting,40,20,4,2,2,18,18,0.5,0.1,0.16666666666666666,0.5,0.1,0.5,0.5,0.5
rank_pairwise,historical_pooled,rg3,pure_negative,906,0,67,0,67,0,839,0.0,,0.0,0.9260485651214128,0.0739514348785872,1.0,,
rank_pairwise,batch_allocated,cn7,conflicting,18,9,14,7,7,2,2,0.5,0.7777777777777778,0.6086956521739131,0.5,0.7777777777777778,0.5,0.5,0.5
rank_pairwise,batch_allocated,cn7,pure_negative,945,0,55,0,55,0,890,0.0,,0.0,0.9417989417989417,0.0582010582010582,1.0,,
rank_pairwise,batch_allocated,cn7,pure_positive,4,4,4,4,0,0,0,1.0,1.0,1.0,1.0,,0.0,1.0,
rank_pairwise,batch_allocated,rg3,conflicting,40,20,5,3,2,17,18,0.6,0.15,0.24,0.525,0.1,0.4,0.5,0.5
rank_pairwise,batch_allocated,rg3,pure_negative,906,0,66,0,66,0,840,0.0,,0.0,0.9271523178807947,0.0728476821192053,1.0,,
rank_ndcg,historical_pooled,cn7,conflicting,18,9,12,6,6,3,3,0.5,0.6666666666666666,0.5714285714285714,0.5,0.6666666666666666,0.5,0.5,0.5
rank_ndcg,historical_pooled,cn7,pure_negative,945,0,57,0,57,0,888,0.0,,0.0,0.9396825396825397,0.06031746031746032,1.0,,
rank_ndcg,historical_pooled,cn7,pure_positive,4,4,4,4,0,0,0,1.0,1.0,1.0,1.0,,0.0,1.0,
rank_ndcg,historical_pooled,rg3,conflicting,40,20,2,1,1,19,19,0.5,0.05,0.09090909090909091,0.5,0.05,0.5,0.5,0.5
rank_ndcg,historical_pooled,rg3,pure_negative,906,0,69,0,69,0,837,0.0,,0.0,0.9238410596026491,0.076158940397351,1.0,,
rank_ndcg,batch_allocated,cn7,conflicting,18,9,14,7,7,2,2,0.5,0.7777777777777778,0.6086956521739131,0.5,0.7777777777777778,0.5,0.5,0.5
rank_ndcg,batch_allocated,cn7,pure_negative,945,0,55,0,55,0,890,0.0,,0.0,0.9417989417989417,0.0582010582010582,1.0,,
rank_ndcg,batch_allocated,cn7,pure_positive,4,4,4,4,0,0,0,1.0,1.0,1.0,1.0,,0.0,1.0,
rank_ndcg,batch_allocated,rg3,conflicting,40,20,2,1,1,19,19,0.5,0.05,0.09090909090909091,0.5,0.05,0.5,0.5,0.5
rank_ndcg,batch_allocated,rg3,pure_negative,906,0,69,0,69,0,837,0.0,,0.0,0.9238410596026491,0.076158940397351,1.0,,
mix_pairwise,historical_pooled,cn7,conflicting,18,9,12,6,6,3,3,0.5,0.6666666666666666,0.5714285714285714,0.5,0.6666666666666666,0.5,0.5,0.5
mix_pairwise,historical_pooled,cn7,pure_negative,945,0,57,0,57,0,888,0.0,,0.0,0.9396825396825397,0.06031746031746032,1.0,,
mix_pairwise,historical_pooled,cn7,pure_positive,4,4,4,4,0,0,0,1.0,1.0,1.0,1.0,,0.0,1.0,
mix_pairwise,historical_pooled,rg3,conflicting,40,20,4,2,2,18,18,0.5,0.1,0.16666666666666666,0.5,0.1,0.5,0.5000000000000001,0.49999999999999994
mix_pairwise,historical_pooled,rg3,pure_negative,906,0,67,0,67,0,839,0.0,,0.0,0.9260485651214128,0.0739514348785872,1.0,,
mix_pairwise,batch_allocated,cn7,conflicting,18,9,14,7,7,2,2,0.5,0.7777777777777778,0.6086956521739131,0.5,0.7777777777777778,0.5,0.5,0.5
mix_pairwise,batch_allocated,cn7,pure_negative,945,0,55,0,55,0,890,0.0,,0.0,0.9417989417989417,0.0582010582010582,1.0,,
mix_pairwise,batch_allocated,cn7,pure_positive,4,4,4,4,0,0,0,1.0,1.0,1.0,1.0,,0.0,1.0,
mix_pairwise,batch_allocated,rg3,conflicting,40,20,3,2,1,18,19,0.6666666666666666,0.1,0.17391304347826086,0.525,0.05,0.3333333333333333,0.5000000000000001,0.49999999999999994
mix_pairwise,batch_allocated,rg3,pure_negative,906,0,68,0,68,0,838,0.0,,0.0,0.9249448123620309,0.07505518763796909,1.0,,
mix_ndcg,historical_pooled,cn7,conflicting,18,9,12,6,6,3,3,0.5,0.6666666666666666,0.5714285714285714,0.5,0.6666666666666666,0.5,0.5,0.5
mix_ndcg,historical_pooled,cn7,pure_negative,945,0,57,0,57,0,888,0.0,,0.0,0.9396825396825397,0.06031746031746032,1.0,,
mix_ndcg,historical_pooled,cn7,pure_positive,4,4,4,4,0,0,0,1.0,1.0,1.0,1.0,,0.0,1.0,
mix_ndcg,historical_pooled,rg3,conflicting,40,20,6,3,3,17,17,0.5,0.15,0.23076923076923078,0.5,0.15,0.5,0.5000000000000001,0.49999999999999994
mix_ndcg,historical_pooled,rg3,pure_negative,906,0,65,0,65,0,841,0.0,,0.0,0.9282560706401766,0.0717439293598234,1.0,,
mix_ndcg,batch_allocated,cn7,conflicting,18,9,14,7,7,2,2,0.5,0.7777777777777778,0.6086956521739131,0.5,0.7777777777777778,0.5,0.5,0.5
mix_ndcg,batch_allocated,cn7,pure_negative,945,0,55,0,55,0,890,0.0,,0.0,0.9417989417989417,0.0582010582010582,1.0,,
mix_ndcg,batch_allocated,cn7,pure_positive,4,4,4,4,0,0,0,1.0,1.0,1.0,1.0,,0.0,1.0,
mix_ndcg,batch_allocated,rg3,conflicting,40,20,6,3,3,17,17,0.5,0.15,0.23076923076923078,0.5,0.15,0.5,0.5000000000000001,0.49999999999999994
mix_ndcg,batch_allocated,rg3,pure_negative,906,0,65,0,65,0,841,0.0,,0.0,0.9282560706401766,0.0717439293598234,1.0,,
cat_row_a1,historical_pooled,cn7,conflicting,18,9,12,6,6,3,3,0.5,0.6666666666666666,0.5714285714285714,0.5,0.6666666666666666,0.5,0.5,0.5
cat_row_a1,historical_pooled,cn7,pure_negative,945,0,57,0,57,0,888,0.0,,0.0,0.9396825396825397,0.06031746031746032,1.0,,
cat_row_a1,historical_pooled,cn7,pure_positive,4,4,4,4,0,0,0,1.0,1.0,1.0,1.0,,0.0,1.0,
cat_row_a1,historical_pooled,rg3,conflicting,40,20,6,3,3,17,17,0.5,0.15,0.23076923076923078,0.5,0.15,0.5,0.5000000000000001,0.49999999999999994
cat_row_a1,historical_pooled,rg3,pure_negative,906,0,65,0,65,0,841,0.0,,0.0,0.9282560706401766,0.0717439293598234,1.0,,
cat_row_a1,batch_allocated,cn7,conflicting,18,9,14,7,7,2,2,0.5,0.7777777777777778,0.6086956521739131,0.5,0.7777777777777778,0.5,0.5,0.5
cat_row_a1,batch_allocated,cn7,pure_negative,945,0,55,0,55,0,890,0.0,,0.0,0.9417989417989417,0.0582010582010582,1.0,,
cat_row_a1,batch_allocated,cn7,pure_positive,4,4,4,4,0,0,0,1.0,1.0,1.0,1.0,,0.0,1.0,
cat_row_a1,batch_allocated,rg3,conflicting,40,20,6,3,3,17,17,0.5,0.15,0.23076923076923078,0.5,0.15,0.5,0.5000000000000001,0.49999999999999994
cat_row_a1,batch_allocated,rg3,pure_negative,906,0,65,0,65,0,841,0.0,,0.0,0.9282560706401766,0.0717439293598234,1.0,,
cat_event_a1,historical_pooled,cn7,conflicting,18,9,12,6,6,3,3,0.5,0.6666666666666666,0.5714285714285714,0.5,0.6666666666666666,0.5,0.5,0.5
cat_event_a1,historical_pooled,cn7,pure_negative,945,0,57,0,57,0,888,0.0,,0.0,0.9396825396825397,0.06031746031746032,1.0,,
cat_event_a1,historical_pooled,cn7,pure_positive,4,4,4,4,0,0,0,1.0,1.0,1.0,1.0,,0.0,1.0,
cat_event_a1,historical_pooled,rg3,conflicting,40,20,4,2,2,18,18,0.5,0.1,0.16666666666666666,0.5,0.1,0.5,0.5000000000000001,0.49999999999999994
cat_event_a1,historical_pooled,rg3,pure_negative,906,0,67,0,67,0,839,0.0,,0.0,0.9260485651214128,0.0739514348785872,1.0,,
cat_event_a1,batch_allocated,cn7,conflicting,18,9,14,7,7,2,2,0.5,0.7777777777777778,0.6086956521739131,0.5,0.7777777777777778,0.5,0.5,0.5
cat_event_a1,batch_allocated,cn7,pure_negative,945,0,55,0,55,0,890,0.0,,0.0,0.9417989417989417,0.0582010582010582,1.0,,
cat_event_a1,batch_allocated,cn7,pure_positive,4,4,4,4,0,0,0,1.0,1.0,1.0,1.0,,0.0,1.0,
cat_event_a1,batch_allocated,rg3,conflicting,40,20,2,1,1,19,19,0.5,0.05,0.09090909090909091,0.5,0.05,0.5,0.5000000000000001,0.49999999999999994
cat_event_a1,batch_allocated,rg3,pure_negative,906,0,69,0,69,0,837,0.0,,0.0,0.9238410596026491,0.076158940397351,1.0,,
cat_row_a0,historical_pooled,cn7,conflicting,18,9,12,6,6,3,3,0.5,0.6666666666666666,0.5714285714285714,0.5,0.6666666666666666,0.5,0.5,0.5
cat_row_a0,historical_pooled,cn7,pure_negative,945,0,57,0,57,0,888,0.0,,0.0,0.9396825396825397,0.06031746031746032,1.0,,
cat_row_a0,historical_pooled,cn7,pure_positive,4,4,4,4,0,0,0,1.0,1.0,1.0,1.0,,0.0,1.0,
cat_row_a0,historical_pooled,rg3,conflicting,40,20,2,1,1,19,19,0.5,0.05,0.09090909090909091,0.5,0.05,0.5,0.5000000000000001,0.49999999999999994
cat_row_a0,historical_pooled,rg3,pure_negative,906,0,69,0,69,0,837,0.0,,0.0,0.9238410596026491,0.076158940397351,1.0,,
cat_row_a0,batch_allocated,cn7,conflicting,18,9,14,7,7,2,2,0.5,0.7777777777777778,0.6086956521739131,0.5,0.7777777777777778,0.5,0.5,0.5
cat_row_a0,batch_allocated,cn7,pure_negative,945,0,55,0,55,0,890,0.0,,0.0,0.9417989417989417,0.0582010582010582,1.0,,
cat_row_a0,batch_allocated,cn7,pure_positive,4,4,4,4,0,0,0,1.0,1.0,1.0,1.0,,0.0,1.0,
cat_row_a0,batch_allocated,rg3,conflicting,40,20,3,2,1,18,19,0.6666666666666666,0.1,0.17391304347826086,0.525,0.05,0.3333333333333333,0.5000000000000001,0.49999999999999994
cat_row_a0,batch_allocated,rg3,pure_negative,906,0,68,0,68,0,838,0.0,,0.0,0.9249448123620309,0.07505518763796909,1.0,,
cat_event_a0,historical_pooled,cn7,conflicting,18,9,12,6,6,3,3,0.5,0.6666666666666666,0.5714285714285714,0.5,0.6666666666666666,0.5,0.5,0.5
cat_event_a0,historical_pooled,cn7,pure_negative,945,0,57,0,57,0,888,0.0,,0.0,0.9396825396825397,0.06031746031746032,1.0,,
cat_event_a0,historical_pooled,cn7,pure_positive,4,4,4,4,0,0,0,1.0,1.0,1.0,1.0,,0.0,1.0,
cat_event_a0,historical_pooled,rg3,conflicting,40,20,0,0,0,20,20,0.0,0.0,0.0,0.5,0.0,,0.5000000000000001,0.49999999999999994
cat_event_a0,historical_pooled,rg3,pure_negative,906,0,71,0,71,0,835,0.0,,0.0,0.9216335540838853,0.07836644591611479,1.0,,
cat_event_a0,batch_allocated,cn7,conflicting,18,9,14,7,7,2,2,0.5,0.7777777777777778,0.6086956521739131,0.5,0.7777777777777778,0.5,0.5,0.5
cat_event_a0,batch_allocated,cn7,pure_negative,945,0,55,0,55,0,890,0.0,,0.0,0.9417989417989417,0.0582010582010582,1.0,,
cat_event_a0,batch_allocated,cn7,pure_positive,4,4,4,4,0,0,0,1.0,1.0,1.0,1.0,,0.0,1.0,
cat_event_a0,batch_allocated,rg3,conflicting,40,20,0,0,0,20,20,0.0,0.0,0.0,0.5,0.0,,0.5000000000000001,0.49999999999999994
cat_event_a0,batch_allocated,rg3,pure_negative,906,0,71,0,71,0,835,0.0,,0.0,0.9216335540838853,0.07836644591611479,1.0,,
cat_row_a0.25,historical_pooled,cn7,conflicting,18,9,12,6,6,3,3,0.5,0.6666666666666666,0.5714285714285714,0.5,0.6666666666666666,0.5,0.5,0.5
cat_row_a0.25,historical_pooled,cn7,pure_negative,945,0,57,0,57,0,888,0.0,,0.0,0.9396825396825397,0.06031746031746032,1.0,,
cat_row_a0.25,historical_pooled,cn7,pure_positive,4,4,4,4,0,0,0,1.0,1.0,1.0,1.0,,0.0,1.0,
cat_row_a0.25,historical_pooled,rg3,conflicting,40,20,2,1,1,19,19,0.5,0.05,0.09090909090909091,0.5,0.05,0.5,0.5,0.5
cat_row_a0.25,historical_pooled,rg3,pure_negative,906,0,69,0,69,0,837,0.0,,0.0,0.9238410596026491,0.076158940397351,1.0,,
cat_row_a0.25,batch_allocated,cn7,conflicting,18,9,14,7,7,2,2,0.5,0.7777777777777778,0.6086956521739131,0.5,0.7777777777777778,0.5,0.5,0.5
cat_row_a0.25,batch_allocated,cn7,pure_negative,945,0,55,0,55,0,890,0.0,,0.0,0.9417989417989417,0.0582010582010582,1.0,,
cat_row_a0.25,batch_allocated,cn7,pure_positive,4,4,4,4,0,0,0,1.0,1.0,1.0,1.0,,0.0,1.0,
cat_row_a0.25,batch_allocated,rg3,conflicting,40,20,2,1,1,19,19,0.5,0.05,0.09090909090909091,0.5,0.05,0.5,0.5,0.5
cat_row_a0.25,batch_allocated,rg3,pure_negative,906,0,69,0,69,0,837,0.0,,0.0,0.9238410596026491,0.076158940397351,1.0,,
cat_event_a0.25,historical_pooled,cn7,conflicting,18,9,12,6,6,3,3,0.5,0.6666666666666666,0.5714285714285714,0.5,0.6666666666666666,0.5,0.5,0.5
cat_event_a0.25,historical_pooled,cn7,pure_negative,945,0,57,0,57,0,888,0.0,,0.0,0.9396825396825397,0.06031746031746032,1.0,,
cat_event_a0.25,historical_pooled,cn7,pure_positive,4,4,4,4,0,0,0,1.0,1.0,1.0,1.0,,0.0,1.0,
cat_event_a0.25,historical_pooled,rg3,conflicting,40,20,4,2,2,18,18,0.5,0.1,0.16666666666666666,0.5,0.1,0.5,0.5,0.5
cat_event_a0.25,historical_pooled,rg3,pure_negative,906,0,67,0,67,0,839,0.0,,0.0,0.9260485651214128,0.0739514348785872,1.0,,
cat_event_a0.25,batch_allocated,cn7,conflicting,18,9,14,7,7,2,2,0.5,0.7777777777777778,0.6086956521739131,0.5,0.7777777777777778,0.5,0.5,0.5
cat_event_a0.25,batch_allocated,cn7,pure_negative,945,0,55,0,55,0,890,0.0,,0.0,0.9417989417989417,0.0582010582010582,1.0,,
cat_event_a0.25,batch_allocated,cn7,pure_positive,4,4,4,4,0,0,0,1.0,1.0,1.0,1.0,,0.0,1.0,
cat_event_a0.25,batch_allocated,rg3,conflicting,40,20,2,1,1,19,19,0.5,0.05,0.09090909090909091,0.5,0.05,0.5,0.5,0.5
cat_event_a0.25,batch_allocated,rg3,pure_negative,906,0,69,0,69,0,837,0.0,,0.0,0.9238410596026491,0.076158940397351,1.0,,
cat_row_a0.5,historical_pooled,cn7,conflicting,18,9,12,6,6,3,3,0.5,0.6666666666666666,0.5714285714285714,0.5,0.6666666666666666,0.5,0.5,0.5
cat_row_a0.5,historical_pooled,cn7,pure_negative,945,0,57,0,57,0,888,0.0,,0.0,0.9396825396825397,0.06031746031746032,1.0,,
cat_row_a0.5,historical_pooled,cn7,pure_positive,4,4,4,4,0,0,0,1.0,1.0,1.0,1.0,,0.0,1.0,
cat_row_a0.5,historical_pooled,rg3,conflicting,40,20,8,4,4,16,16,0.5,0.2,0.2857142857142857,0.5,0.2,0.5,0.5000000000000001,0.49999999999999994
cat_row_a0.5,historical_pooled,rg3,pure_negative,906,0,63,0,63,0,843,0.0,,0.0,0.9304635761589404,0.0695364238410596,1.0,,
cat_row_a0.5,batch_allocated,cn7,conflicting,18,9,14,7,7,2,2,0.5,0.7777777777777778,0.6086956521739131,0.5,0.7777777777777778,0.5,0.5,0.5
cat_row_a0.5,batch_allocated,cn7,pure_negative,945,0,55,0,55,0,890,0.0,,0.0,0.9417989417989417,0.0582010582010582,1.0,,
cat_row_a0.5,batch_allocated,cn7,pure_positive,4,4,4,4,0,0,0,1.0,1.0,1.0,1.0,,0.0,1.0,
cat_row_a0.5,batch_allocated,rg3,conflicting,40,20,8,4,4,16,16,0.5,0.2,0.2857142857142857,0.5,0.2,0.5,0.5000000000000001,0.49999999999999994
cat_row_a0.5,batch_allocated,rg3,pure_negative,906,0,63,0,63,0,843,0.0,,0.0,0.9304635761589404,0.0695364238410596,1.0,,
cat_event_a0.5,historical_pooled,cn7,conflicting,18,9,12,6,6,3,3,0.5,0.6666666666666666,0.5714285714285714,0.5,0.6666666666666666,0.5,0.5,0.5
cat_event_a0.5,historical_pooled,cn7,pure_negative,945,0,57,0,57,0,888,0.0,,0.0,0.9396825396825397,0.06031746031746032,1.0,,
cat_event_a0.5,historical_pooled,cn7,pure_positive,4,4,4,4,0,0,0,1.0,1.0,1.0,1.0,,0.0,1.0,
cat_event_a0.5,historical_pooled,rg3,conflicting,40,20,4,2,2,18,18,0.5,0.1,0.16666666666666666,0.5,0.1,0.5,0.5000000000000001,0.49999999999999994
cat_event_a0.5,historical_pooled,rg3,pure_negative,906,0,67,0,67,0,839,0.0,,0.0,0.9260485651214128,0.0739514348785872,1.0,,
cat_event_a0.5,batch_allocated,cn7,conflicting,18,9,14,7,7,2,2,0.5,0.7777777777777778,0.6086956521739131,0.5,0.7777777777777778,0.5,0.5,0.5
cat_event_a0.5,batch_allocated,cn7,pure_negative,945,0,55,0,55,0,890,0.0,,0.0,0.9417989417989417,0.0582010582010582,1.0,,
cat_event_a0.5,batch_allocated,cn7,pure_positive,4,4,4,4,0,0,0,1.0,1.0,1.0,1.0,,0.0,1.0,
cat_event_a0.5,batch_allocated,rg3,conflicting,40,20,4,2,2,18,18,0.5,0.1,0.16666666666666666,0.5,0.1,0.5,0.5000000000000001,0.49999999999999994
cat_event_a0.5,batch_allocated,rg3,pure_negative,906,0,67,0,67,0,839,0.0,,0.0,0.9260485651214128,0.0739514348785872,1.0,,
nested_selected,historical_pooled,cn7,conflicting,18,9,12,6,6,3,3,0.5,0.6666666666666666,0.5714285714285714,0.5,0.6666666666666666,0.5,0.5,0.5
nested_selected,historical_pooled,cn7,pure_negative,945,0,57,0,57,0,888,0.0,,0.0,0.9396825396825397,0.06031746031746032,1.0,,
nested_selected,historical_pooled,cn7,pure_positive,4,4,4,4,0,0,0,1.0,1.0,1.0,1.0,,0.0,1.0,
nested_selected,historical_pooled,rg3,conflicting,40,20,2,1,1,19,19,0.5,0.05,0.09090909090909091,0.5,0.05,0.5,0.5000000000000001,0.49999999999999994
nested_selected,historical_pooled,rg3,pure_negative,906,0,69,0,69,0,837,0.0,,0.0,0.9238410596026491,0.076158940397351,1.0,,
nested_selected,batch_allocated,cn7,conflicting,18,9,14,7,7,2,2,0.5,0.7777777777777778,0.6086956521739131,0.5,0.7777777777777778,0.5,0.5,0.5
nested_selected,batch_allocated,cn7,pure_negative,945,0,55,0,55,0,890,0.0,,0.0,0.9417989417989417,0.0582010582010582,1.0,,
nested_selected,batch_allocated,cn7,pure_positive,4,4,4,4,0,0,0,1.0,1.0,1.0,1.0,,0.0,1.0,
nested_selected,batch_allocated,rg3,conflicting,40,20,2,1,1,19,19,0.5,0.05,0.09090909090909091,0.5,0.05,0.5,0.5000000000000001,0.49999999999999994
nested_selected,batch_allocated,rg3,pure_negative,906,0,69,0,69,0,837,0.0,,0.0,0.9238410596026491,0.076158940397351,1.0,,
historical_gpu,historical_pooled,cn7,conflicting,18,9,12,6,6,3,3,0.5,0.6666666666666666,0.5714285714285714,0.5,0.6666666666666666,0.5,0.5,0.5
historical_gpu,historical_pooled,cn7,pure_negative,945,0,57,0,57,0,888,0.0,,0.0,0.9396825396825397,0.06031746031746032,1.0,,
historical_gpu,historical_pooled,cn7,pure_positive,4,4,4,4,0,0,0,1.0,1.0,1.0,1.0,,0.0,1.0,
historical_gpu,historical_pooled,rg3,conflicting,40,20,6,3,3,17,17,0.5,0.15,0.23076923076923078,0.5,0.15,0.5,0.5000000000000001,0.49999999999999994
historical_gpu,historical_pooled,rg3,pure_negative,906,0,65,0,65,0,841,0.0,,0.0,0.9282560706401766,0.0717439293598234,1.0,,
historical_gpu,batch_allocated,cn7,conflicting,18,9,14,7,7,2,2,0.5,0.7777777777777778,0.6086956521739131,0.5,0.7777777777777778,0.5,0.5,0.5
historical_gpu,batch_allocated,cn7,pure_negative,945,0,55,0,55,0,890,0.0,,0.0,0.9417989417989417,0.0582010582010582,1.0,,
historical_gpu,batch_allocated,cn7,pure_positive,4,4,4,4,0,0,0,1.0,1.0,1.0,1.0,,0.0,1.0,
historical_gpu,batch_allocated,rg3,conflicting,40,20,6,3,3,17,17,0.5,0.15,0.23076923076923078,0.5,0.15,0.5,0.5000000000000001,0.49999999999999994
historical_gpu,batch_allocated,rg3,pure_negative,906,0,65,0,65,0,841,0.0,,0.0,0.9282560706401766,0.0717439293598234,1.0,,
historical_cpu,historical_pooled,cn7,conflicting,18,9,8,4,4,5,5,0.5,0.4444444444444444,0.47058823529411764,0.5,0.4444444444444444,0.5,0.5,0.5
historical_cpu,historical_pooled,cn7,pure_negative,945,0,61,0,61,0,884,0.0,,0.0,0.9354497354497354,0.06455026455026455,1.0,,
historical_cpu,historical_pooled,cn7,pure_positive,4,4,4,4,0,0,0,1.0,1.0,1.0,1.0,,0.0,1.0,
historical_cpu,historical_pooled,rg3,conflicting,40,20,2,1,1,19,19,0.5,0.05,0.09090909090909091,0.5,0.05,0.5,0.5000000000000001,0.49999999999999994
historical_cpu,historical_pooled,rg3,pure_negative,906,0,69,0,69,0,837,0.0,,0.0,0.9238410596026491,0.076158940397351,1.0,,
historical_cpu,batch_allocated,cn7,conflicting,18,9,10,5,5,4,4,0.5,0.5555555555555556,0.5263157894736842,0.5,0.5555555555555556,0.5,0.5,0.5
historical_cpu,batch_allocated,cn7,pure_negative,945,0,59,0,59,0,886,0.0,,0.0,0.9375661375661376,0.06243386243386243,1.0,,
historical_cpu,batch_allocated,cn7,pure_positive,4,4,4,4,0,0,0,1.0,1.0,1.0,1.0,,0.0,1.0,
historical_cpu,batch_allocated,rg3,conflicting,40,20,2,1,1,19,19,0.5,0.05,0.09090909090909091,0.5,0.05,0.5,0.5000000000000001,0.49999999999999994
historical_cpu,batch_allocated,rg3,pure_negative,906,0,69,0,69,0,837,0.0,,0.0,0.9238410596026491,0.076158940397351,1.0,,
