evidence_file,model,seed,machine,fraction,rows,groups,positives,prevalence,k,found,missed,selected_negative,recall,precision,lift,average_precision,roc_auc,tp,fp,fn,tn,f1,accuracy,policy_derived_accuracy
refinement_at_k192.csv,baseline,20260922,all,0.1,1913,957,33,0.0172503920543648,192,12,21,180,0.3636363636363636,0.0625,3.62310606060606,0.1154191889808864,0.7584219858156029,12,180,21,1700,0.1066666666666666,0.894929430214323,
refinement_at_k192.csv,baseline,20260922,cn7,0.1,967,484,13,0.0134436401240951,97,11,2,86,0.8461538461538461,0.1134020618556701,8.435368754956384,0.2862651503845684,0.9333575229801644,11,86,2,868,0.2,0.9089968976215098,
refinement_at_k192.csv,baseline,20260922,rg3,0.1,946,473,20,0.0211416490486257,95,1,19,94,0.05,0.0105263157894736,0.4978947368421053,0.0230579391073042,0.5213822894168466,1,94,19,832,0.017391304347826,0.8805496828752643,
refinement_at_k192.csv,nested_recall,20260922,all,0.1,1913,957,33,0.0172503920543648,192,13,20,179,0.3939393939393939,0.0677083333333333,3.925031565656565,0.0334876508473706,0.7345341715022566,13,179,20,1701,0.1155555555555555,0.8959749085206482,
refinement_at_k192.csv,nested_recall,20260922,cn7,0.1,967,484,13,0.0134436401240951,97,11,2,86,0.8461538461538461,0.1134020618556701,8.435368754956384,0.0915031641412682,0.9278745363651024,11,86,2,868,0.2,0.9089968976215098,
refinement_at_k192.csv,nested_recall,20260922,rg3,0.1,946,473,20,0.0211416490486257,95,2,18,93,0.1,0.0210526315789473,0.9957894736842106,0.0299511615433092,0.5750539956803455,2,93,18,833,0.0347826086956521,0.8826638477801269,
refinement_at_k192.csv,nested_guarded,20260922,all,0.1,1913,957,33,0.0172503920543648,192,5,28,187,0.1515151515151515,0.0260416666666666,1.509627525252525,0.0294643115610726,0.6873549323017408,5,187,28,1693,0.0444444444444444,0.887611082070047,
refinement_at_k192.csv,nested_guarded,20260922,cn7,0.1,967,484,13,0.0134436401240951,97,3,10,94,0.2307692307692307,0.0309278350515463,2.3005551149881045,0.0521827847943863,0.855063699403322,3,94,10,860,0.0545454545454545,0.8924508790072389,
refinement_at_k192.csv,nested_guarded,20260922,rg3,0.1,946,473,20,0.0211416490486257,95,2,18,93,0.1,0.0210526315789473,0.9957894736842106,0.0245704740891608,0.5329373650107991,2,93,18,833,0.0347826086956521,0.8826638477801269,
refinement_at_k192.csv,nested_f1,20260922,all,0.1,1913,957,33,0.0172503920543648,192,10,23,182,0.303030303030303,0.0520833333333333,3.01925505050505,0.0386635215705706,0.7382253384912959,10,182,23,1698,0.0888888888888888,0.8928384736016728,
refinement_at_k192.csv,nested_f1,20260922,cn7,0.1,967,484,13,0.0134436401240951,97,7,6,90,0.5384615384615384,0.0721649484536082,5.367961934972244,0.0888100009810536,0.9196500564425092,7,90,6,864,0.1272727272727272,0.9007238883143744,
refinement_at_k192.csv,nested_f1,20260922,rg3,0.1,946,473,20,0.0211416490486257,95,3,17,92,0.15,0.031578947368421,1.4936842105263155,0.0257912230302483,0.5368250539956804,3,92,17,834,0.0521739130434782,0.8847780126849895,
refinement_at_k192.csv,nested_high_recall,20260922,all,0.1,1913,957,33,0.0172503920543648,192,14,19,178,0.4242424242424242,0.0729166666666666,4.226957070707071,0.0466690551850931,0.7545535138620245,14,178,19,1702,0.1244444444444444,0.8970203868269734,
refinement_at_k192.csv,nested_high_recall,20260922,cn7,0.1,967,484,13,0.0134436401240951,97,12,1,85,0.9230769230769232,0.1237113402061855,9.202220459952418,0.1753750975923239,0.946339300112885,12,85,1,869,0.2181818181818181,0.9110651499482936,
refinement_at_k192.csv,nested_high_recall,20260922,rg3,0.1,946,473,20,0.0211416490486257,95,2,18,93,0.1,0.0210526315789473,0.9957894736842106,0.0269947087162026,0.5453563714902808,2,93,18,833,0.0347826086956521,0.8826638477801269,
refinement_at_k192.csv,nested_union,20260922,all,0.1,1913,957,33,0.0172503920543648,192,13,20,179,0.3939393939393939,0.0677083333333333,3.925031565656565,0.0949236515792876,0.7716715022566087,13,179,20,1701,0.1155555555555555,0.8959749085206482,
refinement_at_k192.csv,nested_union,20260922,cn7,0.1,967,484,13,0.0134436401240951,97,12,1,85,0.9230769230769232,0.1237113402061855,9.202220459952418,0.4199938354659941,0.955692630220932,12,85,1,869,0.2181818181818181,0.9110651499482936,
refinement_at_k192.csv,nested_union,20260922,rg3,0.1,946,473,20,0.0211416490486257,95,1,19,94,0.05,0.0105263157894736,0.4978947368421053,0.0215203201443825,0.4930885529157667,1,94,19,832,0.017391304347826,0.8805496828752643,
refinement_at_k192.csv,fixed_local_logistic_c1,20260922,all,0.1,1913,957,33,0.0172503920543648,192,14,19,178,0.4242424242424242,0.0729166666666666,4.226957070707071,0.0872543034640501,0.7819229529335912,14,178,19,1702,0.1244444444444444,0.8970203868269734,
refinement_at_k192.csv,fixed_local_logistic_c1,20260922,cn7,0.1,967,484,13,0.0134436401240951,97,12,1,85,0.9230769230769232,0.1237113402061855,9.202220459952418,0.3255767292374893,0.9654491211094984,12,85,1,869,0.2181818181818181,0.9110651499482936,
refinement_at_k192.csv,fixed_local_logistic_c1,20260922,rg3,0.1,946,473,20,0.0211416490486257,95,2,18,93,0.1,0.0210526315789473,0.9957894736842106,0.0223079746528838,0.5004319654427646,2,93,18,833,0.0347826086956521,0.8826638477801269,
refinement_at_k192.csv,fixed_cat_row_d3,20260922,all,0.1,1913,957,33,0.0172503920543648,192,16,17,176,0.4848484848484848,0.0833333333333333,4.83080808080808,0.0833704585618473,0.7834219858156027,16,176,17,1704,0.1422222222222222,0.8991113434396236,
refinement_at_k192.csv,fixed_cat_row_d3,20260922,cn7,0.1,967,484,13,0.0134436401240951,97,12,1,85,0.9230769230769232,0.1237113402061855,9.202220459952418,0.1845821294406835,0.946339300112885,12,85,1,869,0.2181818181818181,0.9110651499482936,
refinement_at_k192.csv,fixed_cat_row_d3,20260922,rg3,0.1,946,473,20,0.0211416490486257,95,4,16,91,0.2,0.0421052631578947,1.991578947368421,0.0357680086246428,0.5928725701943844,4,91,16,835,0.0695652173913043,0.8868921775898521,
refinement_at_k192.csv,fixed_cat_event_d3,20260922,all,0.1,1913,957,33,0.0172503920543648,192,15,18,177,0.4545454545454545,0.078125,4.528882575757575,0.0663907107762672,0.7790377176015474,15,177,18,1703,0.1333333333333333,0.8980658651332984,
refinement_at_k192.csv,fixed_cat_event_d3,20260922,cn7,0.1,967,484,13,0.0134436401240951,97,12,1,85,0.9230769230769232,0.1237113402061855,9.202220459952418,0.1501333333815158,0.946339300112885,12,85,1,869,0.2181818181818181,0.9110651499482936,
refinement_at_k192.csv,fixed_cat_event_d3,20260922,rg3,0.1,946,473,20,0.0211416490486257,95,3,17,92,0.15,0.031578947368421,1.4936842105263155,0.0289719661972003,0.568682505399568,3,92,17,834,0.0521739130434782,0.8847780126849895,
refinement_at_k192.csv,fixed_cat_row_d2_reg30,20260922,all,0.1,1913,957,33,0.0172503920543648,192,14,19,178,0.4242424242424242,0.0729166666666666,4.226957070707071,0.0584537726596076,0.7549725983236619,14,178,19,1702,0.1244444444444444,0.8970203868269734,
refinement_at_k192.csv,fixed_cat_row_d2_reg30,20260922,cn7,0.1,967,484,13,0.0134436401240951,97,11,2,86,0.8461538461538461,0.1134020618556701,8.435368754956384,0.1287448760789199,0.9337606837606838,11,86,2,868,0.2,0.9089968976215098,
refinement_at_k192.csv,fixed_cat_row_d2_reg30,20260922,rg3,0.1,946,473,20,0.0211416490486257,95,3,17,92,0.15,0.031578947368421,1.4936842105263155,0.0352488073253871,0.5866090712742981,3,92,17,834,0.0521739130434782,0.8847780126849895,
refinement_at_k192.csv,fixed_cat_event_d2_reg30,20260922,all,0.1,1913,957,33,0.0172503920543648,192,15,18,177,0.4545454545454545,0.078125,4.528882575757575,0.0733891118213024,0.7677546744036106,15,177,18,1703,0.1333333333333333,0.8980658651332984,
refinement_at_k192.csv,fixed_cat_event_d2_reg30,20260922,cn7,0.1,967,484,13,0.0134436401240951,97,12,1,85,0.9230769230769232,0.1237113402061855,9.202220459952418,0.1637842000289894,0.945694242864054,12,85,1,869,0.2181818181818181,0.9110651499482936,
refinement_at_k192.csv,fixed_cat_event_d2_reg30,20260922,rg3,0.1,946,473,20,0.0211416490486257,95,3,17,92,0.15,0.031578947368421,1.4936842105263155,0.0302478097334349,0.5615550755939525,3,92,17,834,0.0521739130434782,0.8847780126849895,
refinement_at_k192.csv,fixed_cat_row_engineered,20260922,all,0.1,1913,957,33,0.0172503920543648,192,12,21,180,0.3636363636363636,0.0625,3.62310606060606,0.0415455983726079,0.751974532559639,12,180,21,1700,0.1066666666666666,0.894929430214323,
refinement_at_k192.csv,fixed_cat_row_engineered,20260922,cn7,0.1,967,484,13,0.0134436401240951,97,11,2,86,0.8461538461538461,0.1134020618556701,8.435368754956384,0.1173948498444145,0.9452910820835349,11,86,2,868,0.2,0.9089968976215098,
refinement_at_k192.csv,fixed_cat_row_engineered,20260922,rg3,0.1,946,473,20,0.0211416490486257,95,1,19,94,0.05,0.0105263157894736,0.4978947368421053,0.0202286977883468,0.4659827213822894,1,94,19,832,0.017391304347826,0.8805496828752643,
refinement_at_k192.csv,fixed_cat_event_engineered,20260922,all,0.1,1913,957,33,0.0172503920543648,192,11,22,181,0.3333333333333333,0.0572916666666666,3.321180555555555,0.0449780077670222,0.758760477111541,11,181,22,1699,0.0977777777777777,0.893883951907998,
refinement_at_k192.csv,fixed_cat_event_engineered,20260922,cn7,0.1,967,484,13,0.0134436401240951,97,11,2,86,0.8461538461538461,0.1134020618556701,8.435368754956384,0.1177148167393411,0.945774875020158,11,86,2,868,0.2,0.9089968976215098,
refinement_at_k192.csv,fixed_cat_event_engineered,20260922,rg3,0.1,946,473,20,0.0211416490486257,95,0,20,95,0.0,0.0,0.0,0.0207976766924966,0.4788336933045356,0,95,20,831,0.0,0.8784355179704016,
refinement_at_k192.csv,fixed_xgb_row_engineered,20260922,all,0.1,1913,957,33,0.0172503920543648,192,12,21,180,0.3636363636363636,0.0625,3.62310606060606,0.0556234063663874,0.7503304319793682,12,180,21,1700,0.1066666666666666,0.894929430214323,
refinement_at_k192.csv,fixed_xgb_row_engineered,20260922,cn7,0.1,967,484,13,0.0134436401240951,97,11,2,86,0.8461538461538461,0.1134020618556701,8.435368754956384,0.1542567640105983,0.9527092404450896,11,86,2,868,0.2,0.9089968976215098,
refinement_at_k192.csv,fixed_xgb_row_engineered,20260922,rg3,0.1,946,473,20,0.0211416490486257,95,1,19,94,0.05,0.0105263157894736,0.4978947368421053,0.0188794408412612,0.4259179265658747,1,94,19,832,0.017391304347826,0.8805496828752643,
refinement_at_k192.csv,baseline,20260923,all,0.1,1913,957,33,0.0172503920543648,192,12,21,180,0.3636363636363636,0.0625,3.62310606060606,0.1154191889808864,0.7584219858156029,12,180,21,1700,0.1066666666666666,0.894929430214323,
refinement_at_k192.csv,baseline,20260923,cn7,0.1,967,484,13,0.0134436401240951,97,11,2,86,0.8461538461538461,0.1134020618556701,8.435368754956384,0.2862651503845684,0.9333575229801644,11,86,2,868,0.2,0.9089968976215098,
refinement_at_k192.csv,baseline,20260923,rg3,0.1,946,473,20,0.0211416490486257,95,1,19,94,0.05,0.0105263157894736,0.4978947368421053,0.0230579391073042,0.5213822894168466,1,94,19,832,0.017391304347826,0.8805496828752643,
refinement_at_k192.csv,nested_recall,20260923,all,0.1,1913,957,33,0.0172503920543648,192,12,21,180,0.3636363636363636,0.0625,3.62310606060606,0.041705079933114,0.736806898774984,12,180,21,1700,0.1066666666666666,0.894929430214323,
refinement_at_k192.csv,nested_recall,20260923,cn7,0.1,967,484,13,0.0134436401240951,97,10,3,87,0.7692307692307693,0.1030927835051546,7.668517049960348,0.1217446571586978,0.9318255120141912,10,87,3,867,0.1818181818181818,0.906928645294726,
refinement_at_k192.csv,nested_recall,20260923,rg3,0.1,946,473,20,0.0211416490486257,95,2,18,93,0.1,0.0210526315789473,0.9957894736842106,0.0264931184220444,0.51792656587473,2,93,18,833,0.0347826086956521,0.8826638477801269,
refinement_at_k192.csv,nested_guarded,20260923,all,0.1,1913,957,33,0.0172503920543648,192,9,24,183,0.2727272727272727,0.046875,2.7173295454545454,0.0442027509751794,0.7179964539007092,9,183,24,1697,0.08,0.8917929952953476,
refinement_at_k192.csv,nested_guarded,20260923,cn7,0.1,967,484,13,0.0134436401240951,97,8,5,89,0.6153846153846154,0.0824742268041237,6.134813639968279,0.1423214148527702,0.9182793097887438,8,89,5,865,0.1454545454545454,0.9027921406411582,
refinement_at_k192.csv,nested_guarded,20260923,rg3,0.1,946,473,20,0.0211416490486257,95,1,19,94,0.05,0.0105263157894736,0.4978947368421053,0.0211326700380968,0.4893088552915767,1,94,19,832,0.017391304347826,0.8805496828752643,
refinement_at_k192.csv,nested_f1,20260923,all,0.1,1913,957,33,0.0172503920543648,192,10,23,182,0.303030303030303,0.0520833333333333,3.01925505050505,0.0653486138990751,0.7359203739522888,10,182,23,1698,0.0888888888888888,0.8928384736016728,
refinement_at_k192.csv,nested_f1,20260923,cn7,0.1,967,484,13,0.0134436401240951,97,8,5,89,0.6153846153846154,0.0824742268041237,6.134813639968279,0.1533710417851804,0.9265037897113368,8,89,5,865,0.1454545454545454,0.9027921406411582,
refinement_at_k192.csv,nested_f1,20260923,rg3,0.1,946,473,20,0.0211416490486257,95,2,18,93,0.1,0.0210526315789473,0.9957894736842106,0.0266483316903809,0.5300215982721382,2,93,18,833,0.0347826086956521,0.8826638477801269,
refinement_at_k192.csv,nested_high_recall,20260923,all,0.1,1913,957,33,0.0172503920543648,192,12,21,180,0.3636363636363636,0.0625,3.62310606060606,0.033396664278098,0.7390635074145713,12,180,21,1700,0.1066666666666666,0.894929430214323,
refinement_at_k192.csv,nested_high_recall,20260923,cn7,0.1,967,484,13,0.0134436401240951,97,11,2,86,0.8461538461538461,0.1134020618556701,8.435368754956384,0.1036039038537509,0.93577648766328,11,86,2,868,0.2,0.9089968976215098,
refinement_at_k192.csv,nested_high_recall,20260923,rg3,0.1,946,473,20,0.0211416490486257,95,1,19,94,0.05,0.0105263157894736,0.4978947368421053,0.0248413433543978,0.5587473002159826,1,94,19,832,0.017391304347826,0.8805496828752643,
refinement_at_k192.csv,nested_union,20260923,all,0.1,1913,957,33,0.0172503920543648,192,12,21,180,0.3636363636363636,0.0625,3.62310606060606,0.0887044635167816,0.7719616376531271,12,180,21,1700,0.1066666666666666,0.894929430214323,
refinement_at_k192.csv,nested_union,20260923,cn7,0.1,967,484,13,0.0134436401240951,97,11,2,86,0.8461538461538461,0.1134020618556701,8.435368754956384,0.3064682362349742,0.9569827447185938,11,86,2,868,0.2,0.9089968976215098,
refinement_at_k192.csv,nested_union,20260923,rg3,0.1,946,473,20,0.0211416490486257,95,1,19,94,0.05,0.0105263157894736,0.4978947368421053,0.0213428233691455,0.4914686825053995,1,94,19,832,0.017391304347826,0.8805496828752643,
refinement_at_k192.csv,fixed_local_logistic_c1,20260923,all,0.1,1913,957,33,0.0172503920543648,192,14,19,178,0.4242424242424242,0.0729166666666666,4.226957070707071,0.0872543034640501,0.7819229529335912,14,178,19,1702,0.1244444444444444,0.8970203868269734,
refinement_at_k192.csv,fixed_local_logistic_c1,20260923,cn7,0.1,967,484,13,0.0134436401240951,97,12,1,85,0.9230769230769232,0.1237113402061855,9.202220459952418,0.3255767292374893,0.9654491211094984,12,85,1,869,0.2181818181818181,0.9110651499482936,
refinement_at_k192.csv,fixed_local_logistic_c1,20260923,rg3,0.1,946,473,20,0.0211416490486257,95,2,18,93,0.1,0.0210526315789473,0.9957894736842106,0.0223079746528838,0.5004319654427646,2,93,18,833,0.0347826086956521,0.8826638477801269,
refinement_at_k192.csv,fixed_cat_row_d3,20260923,all,0.1,1913,957,33,0.0172503920543648,192,15,18,177,0.4545454545454545,0.078125,4.528882575757575,0.0630759317237597,0.7661750483558993,15,177,18,1703,0.1333333333333333,0.8980658651332984,
refinement_at_k192.csv,fixed_cat_row_d3,20260923,cn7,0.1,967,484,13,0.0134436401240951,97,11,2,86,0.8461538461538461,0.1134020618556701,8.435368754956384,0.1431439003379036,0.9455329785518464,11,86,2,868,0.2,0.9089968976215098,
refinement_at_k192.csv,fixed_cat_row_d3,20260923,rg3,0.1,946,473,20,0.0211416490486257,95,4,16,91,0.2,0.0421052631578947,1.991578947368421,0.0325489422163219,0.5588552915766738,4,91,16,835,0.0695652173913043,0.8868921775898521,
refinement_at_k192.csv,fixed_cat_event_d3,20260923,all,0.1,1913,957,33,0.0172503920543648,192,15,18,177,0.4545454545454545,0.078125,4.528882575757575,0.0834598130208812,0.7848243068987749,15,177,18,1703,0.1333333333333333,0.8980658651332984,
refinement_at_k192.csv,fixed_cat_event_d3,20260923,cn7,0.1,967,484,13,0.0134436401240951,97,11,2,86,0.8461538461538461,0.1134020618556701,8.435368754956384,0.1863704377908397,0.945855507176262,11,86,2,868,0.2,0.9089968976215098,
refinement_at_k192.csv,fixed_cat_event_d3,20260923,rg3,0.1,946,473,20,0.0211416490486257,95,4,16,91,0.2,0.0421052631578947,1.991578947368421,0.031853397036454,0.5883369330453564,4,91,16,835,0.0695652173913043,0.8868921775898521,
refinement_at_k192.csv,fixed_cat_row_d2_reg30,20260923,all,0.1,1913,957,33,0.0172503920543648,192,13,20,179,0.3939393939393939,0.0677083333333333,3.925031565656565,0.0566013968922399,0.7531673114119923,13,179,20,1701,0.1155555555555555,0.8959749085206482,
refinement_at_k192.csv,fixed_cat_row_d2_reg30,20260923,cn7,0.1,967,484,13,0.0134436401240951,97,11,2,86,0.8461538461538461,0.1134020618556701,8.435368754956384,0.1312238953701709,0.9394049346879536,11,86,2,868,0.2,0.9089968976215098,
refinement_at_k192.csv,fixed_cat_row_d2_reg30,20260923,rg3,0.1,946,473,20,0.0211416490486257,95,2,18,93,0.1,0.0210526315789473,0.9957894736842106,0.0312339175104608,0.5664146868250539,2,93,18,833,0.0347826086956521,0.8826638477801269,
refinement_at_k192.csv,fixed_cat_event_d2_reg30,20260923,all,0.1,1913,957,33,0.0172503920543648,192,14,19,178,0.4242424242424242,0.0729166666666666,4.226957070707071,0.0578958083214391,0.7640312701482914,14,178,19,1702,0.1244444444444444,0.8970203868269734,
refinement_at_k192.csv,fixed_cat_event_d2_reg30,20260923,cn7,0.1,967,484,13,0.0134436401240951,97,11,2,86,0.8461538461538461,0.1134020618556701,8.435368754956384,0.1282838307402392,0.9410175778100308,11,86,2,868,0.2,0.9089968976215098,
refinement_at_k192.csv,fixed_cat_event_d2_reg30,20260923,rg3,0.1,946,473,20,0.0211416490486257,95,3,17,92,0.15,0.031578947368421,1.4936842105263155,0.0316943298054012,0.5707343412526997,3,92,17,834,0.0521739130434782,0.8847780126849895,
refinement_at_k192.csv,fixed_cat_row_engineered,20260923,all,0.1,1913,957,33,0.0172503920543648,192,11,22,181,0.3333333333333333,0.0572916666666666,3.321180555555555,0.0463305274012435,0.7638217279174726,11,181,22,1699,0.0977777777777777,0.893883951907998,
refinement_at_k192.csv,fixed_cat_row_engineered,20260923,cn7,0.1,967,484,13,0.0134436401240951,97,11,2,86,0.8461538461538461,0.1134020618556701,8.435368754956384,0.1241638405132449,0.943597806805354,11,86,2,868,0.2,0.9089968976215098,
refinement_at_k192.csv,fixed_cat_row_engineered,20260923,rg3,0.1,946,473,20,0.0211416490486257,95,0,20,95,0.0,0.0,0.0,0.0211886209150565,0.4960043196544276,0,95,20,831,0.0,0.8784355179704016,
refinement_at_k192.csv,fixed_cat_event_engineered,20260923,all,0.1,1913,957,33,0.0172503920543648,192,12,21,180,0.3636363636363636,0.0625,3.62310606060606,0.0500552636769498,0.7621131528046421,12,180,21,1700,0.1066666666666666,0.894929430214323,
refinement_at_k192.csv,fixed_cat_event_engineered,20260923,cn7,0.1,967,484,13,0.0134436401240951,97,12,1,85,0.9230769230769232,0.1237113402061855,9.202220459952418,0.1309643800534645,0.9475487824544429,12,85,1,869,0.2181818181818181,0.9110651499482936,
refinement_at_k192.csv,fixed_cat_event_engineered,20260923,rg3,0.1,946,473,20,0.0211416490486257,95,0,20,95,0.0,0.0,0.0,0.020595139168392,0.4771058315334772,0,95,20,831,0.0,0.8784355179704016,
refinement_at_k192.csv,fixed_xgb_row_engineered,20260923,all,0.1,1913,957,33,0.0172503920543648,192,13,20,179,0.3939393939393939,0.0677083333333333,3.925031565656565,0.05448663159977,0.7470905867182464,13,179,20,1701,0.1155555555555555,0.8959749085206482,
refinement_at_k192.csv,fixed_xgb_row_engineered,20260923,cn7,0.1,967,484,13,0.0134436401240951,97,12,1,85,0.9230769230769232,0.1237113402061855,9.202220459952418,0.1531167428929048,0.9527898726011932,12,85,1,869,0.2181818181818181,0.9110651499482936,
refinement_at_k192.csv,fixed_xgb_row_engineered,20260923,rg3,0.1,946,473,20,0.0211416490486257,95,1,19,94,0.05,0.0105263157894736,0.4978947368421053,0.0181996712798009,0.4126349892008639,1,94,19,832,0.017391304347826,0.8805496828752643,
refinement_at_k192.csv,baseline,20260924,all,0.1,1913,957,33,0.0172503920543648,192,12,21,180,0.3636363636363636,0.0625,3.62310606060606,0.1154191889808864,0.7584219858156029,12,180,21,1700,0.1066666666666666,0.894929430214323,
refinement_at_k192.csv,baseline,20260924,cn7,0.1,967,484,13,0.0134436401240951,97,11,2,86,0.8461538461538461,0.1134020618556701,8.435368754956384,0.2862651503845684,0.9333575229801644,11,86,2,868,0.2,0.9089968976215098,
refinement_at_k192.csv,baseline,20260924,rg3,0.1,946,473,20,0.0211416490486257,95,1,19,94,0.05,0.0105263157894736,0.4978947368421053,0.0230579391073042,0.5213822894168466,1,94,19,832,0.017391304347826,0.8805496828752643,
refinement_at_k192.csv,nested_recall,20260924,all,0.1,1913,957,33,0.0172503920543648,192,12,21,180,0.3636363636363636,0.0625,3.62310606060606,0.0435147350144673,0.7707527401676337,12,180,21,1700,0.1066666666666666,0.894929430214323,
refinement_at_k192.csv,nested_recall,20260924,cn7,0.1,967,484,13,0.0134436401240951,97,10,3,87,0.7692307692307693,0.1030927835051546,7.668517049960348,0.1318648091389548,0.9437590711175616,10,87,3,867,0.1818181818181818,0.906928645294726,
refinement_at_k192.csv,nested_recall,20260924,rg3,0.1,946,473,20,0.0211416490486257,95,2,18,93,0.1,0.0210526315789473,0.9957894736842106,0.0281907586207123,0.5767818574514039,2,93,18,833,0.0347826086956521,0.8826638477801269,
refinement_at_k192.csv,nested_guarded,20260924,all,0.1,1913,957,33,0.0172503920543648,192,12,21,180,0.3636363636363636,0.0625,3.62310606060606,0.0328534453338643,0.7350016118633139,12,180,21,1700,0.1066666666666666,0.894929430214323,
refinement_at_k192.csv,nested_guarded,20260924,cn7,0.1,967,484,13,0.0134436401240951,97,10,3,87,0.7692307692307693,0.1030927835051546,7.668517049960348,0.1318648091389548,0.9437590711175616,10,87,3,867,0.1818181818181818,0.906928645294726,
refinement_at_k192.csv,nested_guarded,20260924,rg3,0.1,946,473,20,0.0211416490486257,95,2,18,93,0.1,0.0210526315789473,0.9957894736842106,0.0239280449463725,0.5271058315334773,2,93,18,833,0.0347826086956521,0.8826638477801269,
refinement_at_k192.csv,nested_f1,20260924,all,0.1,1913,957,33,0.0172503920543648,192,12,21,180,0.3636363636363636,0.0625,3.62310606060606,0.0431357466676194,0.7631769825918763,12,180,21,1700,0.1066666666666666,0.894929430214323,
refinement_at_k192.csv,nested_f1,20260924,cn7,0.1,967,484,13,0.0134436401240951,97,11,2,86,0.8461538461538461,0.1134020618556701,8.435368754956384,0.1239542941730477,0.939163038219642,11,86,2,868,0.2,0.9089968976215098,
refinement_at_k192.csv,nested_f1,20260924,rg3,0.1,946,473,20,0.0211416490486257,95,1,19,94,0.05,0.0105263157894736,0.4978947368421053,0.0266596364617764,0.5719222462203023,1,94,19,832,0.017391304347826,0.8805496828752643,
refinement_at_k192.csv,nested_high_recall,20260924,all,0.1,1913,957,33,0.0172503920543648,192,13,20,179,0.3939393939393939,0.0677083333333333,3.925031565656565,0.0321686998499834,0.7223001289490651,13,179,20,1701,0.1155555555555555,0.8959749085206482,
refinement_at_k192.csv,nested_high_recall,20260924,cn7,0.1,967,484,13,0.0134436401240951,97,11,2,86,0.8461538461538461,0.1134020618556701,8.435368754956384,0.1720875651286736,0.9487582647960008,11,86,2,868,0.2,0.9089968976215098,
refinement_at_k192.csv,nested_high_recall,20260924,rg3,0.1,946,473,20,0.0211416490486257,95,2,18,93,0.1,0.0210526315789473,0.9957894736842106,0.021650758957424,0.5034557235421167,2,93,18,833,0.0347826086956521,0.8826638477801269,
refinement_at_k192.csv,nested_union,20260924,all,0.1,1913,957,33,0.0172503920543648,192,11,22,181,0.3333333333333333,0.0572916666666666,3.321180555555555,0.0932484592068154,0.7699145712443585,11,181,22,1699,0.0977777777777777,0.893883951907998,
refinement_at_k192.csv,nested_union,20260924,cn7,0.1,967,484,13,0.0134436401240951,97,10,3,87,0.7692307692307693,0.1030927835051546,7.668517049960348,0.4054831623114758,0.9495645863570392,10,87,3,867,0.1818181818181818,0.906928645294726,
refinement_at_k192.csv,nested_union,20260924,rg3,0.1,946,473,20,0.0211416490486257,95,1,19,94,0.05,0.0105263157894736,0.4978947368421053,0.021322420203565,0.4961123110151188,1,94,19,832,0.017391304347826,0.8805496828752643,
refinement_at_k192.csv,fixed_local_logistic_c1,20260924,all,0.1,1913,957,33,0.0172503920543648,192,14,19,178,0.4242424242424242,0.0729166666666666,4.226957070707071,0.0872543034640501,0.7819229529335912,14,178,19,1702,0.1244444444444444,0.8970203868269734,
refinement_at_k192.csv,fixed_local_logistic_c1,20260924,cn7,0.1,967,484,13,0.0134436401240951,97,12,1,85,0.9230769230769232,0.1237113402061855,9.202220459952418,0.3255767292374893,0.9654491211094984,12,85,1,869,0.2181818181818181,0.9110651499482936,
refinement_at_k192.csv,fixed_local_logistic_c1,20260924,rg3,0.1,946,473,20,0.0211416490486257,95,2,18,93,0.1,0.0210526315789473,0.9957894736842106,0.0223079746528838,0.5004319654427646,2,93,18,833,0.0347826086956521,0.8826638477801269,
refinement_at_k192.csv,fixed_cat_row_d3,20260924,all,0.1,1913,957,33,0.0172503920543648,192,15,18,177,0.4545454545454545,0.078125,4.528882575757575,0.0733049752931697,0.7915296582849773,15,177,18,1703,0.1333333333333333,0.8980658651332984,
refinement_at_k192.csv,fixed_cat_row_d3,20260924,cn7,0.1,967,484,13,0.0134436401240951,97,12,1,85,0.9230769230769232,0.1237113402061855,9.202220459952418,0.1630240089744052,0.9510159651669086,12,85,1,869,0.2181818181818181,0.9110651499482936,
refinement_at_k192.csv,fixed_cat_row_d3,20260924,rg3,0.1,946,473,20,0.0211416490486257,95,3,17,92,0.15,0.031578947368421,1.4936842105263155,0.036693973804077,0.5816414686825053,3,92,17,834,0.0521739130434782,0.8847780126849895,
refinement_at_k192.csv,fixed_cat_event_d3,20260924,all,0.1,1913,957,33,0.0172503920543648,192,16,17,176,0.4848484848484848,0.0833333333333333,4.83080808080808,0.0587326933647005,0.774282720825274,16,176,17,1704,0.1422222222222222,0.8991113434396236,
refinement_at_k192.csv,fixed_cat_event_d3,20260924,cn7,0.1,967,484,13,0.0134436401240951,97,12,1,85,0.9230769230769232,0.1237113402061855,9.202220459952418,0.1285285329686673,0.9427914852443154,12,85,1,869,0.2181818181818181,0.9110651499482936,
refinement_at_k192.csv,fixed_cat_event_d3,20260924,rg3,0.1,946,473,20,0.0211416490486257,95,4,16,91,0.2,0.0421052631578947,1.991578947368421,0.0322399140475217,0.5742980561555076,4,91,16,835,0.0695652173913043,0.8868921775898521,
refinement_at_k192.csv,fixed_cat_row_d2_reg30,20260924,all,0.1,1913,957,33,0.0172503920543648,192,15,18,177,0.4545454545454545,0.078125,4.528882575757575,0.053962862654497,0.7641763378465506,15,177,18,1703,0.1333333333333333,0.8980658651332984,
refinement_at_k192.csv,fixed_cat_row_d2_reg30,20260924,cn7,0.1,967,484,13,0.0134436401240951,97,11,2,86,0.8461538461538461,0.1134020618556701,8.435368754956384,0.131885828755382,0.9403725205611996,11,86,2,868,0.2,0.9089968976215098,
refinement_at_k192.csv,fixed_cat_row_d2_reg30,20260924,rg3,0.1,946,473,20,0.0211416490486257,95,4,16,91,0.2,0.0421052631578947,1.991578947368421,0.0352101895484606,0.5889848812095031,4,91,16,835,0.0695652173913043,0.8868921775898521,
refinement_at_k192.csv,fixed_cat_event_d2_reg30,20260924,all,0.1,1913,957,33,0.0172503920543648,192,14,19,178,0.4242424242424242,0.0729166666666666,4.226957070707071,0.054937606947973,0.7648855577047066,14,178,19,1702,0.1244444444444444,0.8970203868269734,
refinement_at_k192.csv,fixed_cat_event_d2_reg30,20260924,cn7,0.1,967,484,13,0.0134436401240951,97,12,1,85,0.9230769230769232,0.1237113402061855,9.202220459952418,0.1277130305049887,0.943597806805354,12,85,1,869,0.2181818181818181,0.9110651499482936,
refinement_at_k192.csv,fixed_cat_event_d2_reg30,20260924,rg3,0.1,946,473,20,0.0211416490486257,95,2,18,93,0.1,0.0210526315789473,0.9957894736842106,0.0298169738224961,0.5632829373650108,2,93,18,833,0.0347826086956521,0.8826638477801269,
refinement_at_k192.csv,fixed_cat_row_engineered,20260924,all,0.1,1913,957,33,0.0172503920543648,192,12,21,180,0.3636363636363636,0.0625,3.62310606060606,0.0401685807490048,0.7588088330109607,12,180,21,1700,0.1066666666666666,0.894929430214323,
refinement_at_k192.csv,fixed_cat_row_engineered,20260924,cn7,0.1,967,484,13,0.0134436401240951,97,11,2,86,0.8461538461538461,0.1134020618556701,8.435368754956384,0.1132656931467279,0.9440009675858732,11,86,2,868,0.2,0.9089968976215098,
refinement_at_k192.csv,fixed_cat_row_engineered,20260924,rg3,0.1,946,473,20,0.0211416490486257,95,1,19,94,0.05,0.0105263157894736,0.4978947368421053,0.0213528024980695,0.4907127429805615,1,94,19,832,0.017391304347826,0.8805496828752643,
refinement_at_k192.csv,fixed_cat_event_engineered,20260924,all,0.1,1913,957,33,0.0172503920543648,192,12,21,180,0.3636363636363636,0.0625,3.62310606060606,0.0465597042034095,0.7548597678916829,12,180,21,1700,0.1066666666666666,0.894929430214323,
refinement_at_k192.csv,fixed_cat_event_engineered,20260924,cn7,0.1,967,484,13,0.0134436401240951,97,11,2,86,0.8461538461538461,0.1134020618556701,8.435368754956384,0.1247147563288819,0.9486776326398968,11,86,2,868,0.2,0.9089968976215098,
refinement_at_k192.csv,fixed_cat_event_engineered,20260924,rg3,0.1,946,473,20,0.0211416490486257,95,1,19,94,0.05,0.0105263157894736,0.4978947368421053,0.0198684293495441,0.455939524838013,1,94,19,832,0.017391304347826,0.8805496828752643,
refinement_at_k192.csv,fixed_xgb_row_engineered,20260924,all,0.1,1913,957,33,0.0172503920543648,192,13,20,179,0.3939393939393939,0.0677083333333333,3.925031565656565,0.0554568152019992,0.7580190199871051,13,179,20,1701,0.1155555555555555,0.8959749085206482,
refinement_at_k192.csv,fixed_xgb_row_engineered,20260924,cn7,0.1,967,484,13,0.0134436401240951,97,12,1,85,0.9230769230769232,0.1237113402061855,9.202220459952418,0.1492959385452419,0.9517416545718432,12,85,1,869,0.2181818181818181,0.9110651499482936,
refinement_at_k192.csv,fixed_xgb_row_engineered,20260924,rg3,0.1,946,473,20,0.0211416490486257,95,1,19,94,0.05,0.0105263157894736,0.4978947368421053,0.018654199238321,0.4429805615550756,1,94,19,832,0.017391304347826,0.8805496828752643,
comparison_at_k192.csv,baseline,20260922,all,0.1,1913,957,33,0.0172503920543648,192,12,21,180,0.3636363636363636,0.0625,3.62310606060606,0.1154191889808864,0.7584219858156029,12,180,21,1700,0.1066666666666666,0.894929430214323,
comparison_at_k192.csv,baseline,20260922,cn7,0.1,967,484,13,0.0134436401240951,97,11,2,86,0.8461538461538461,0.1134020618556701,8.435368754956384,0.2862651503845684,0.9333575229801644,11,86,2,868,0.2,0.9089968976215098,
comparison_at_k192.csv,baseline,20260922,rg3,0.1,946,473,20,0.0211416490486257,95,1,19,94,0.05,0.0105263157894736,0.4978947368421053,0.0230579391073042,0.5213822894168466,1,94,19,832,0.017391304347826,0.8805496828752643,
comparison_at_k192.csv,baseline,20260923,all,0.1,1913,957,33,0.0172503920543648,192,12,21,180,0.3636363636363636,0.0625,3.62310606060606,0.1154191889808864,0.7584219858156029,12,180,21,1700,0.1066666666666666,0.894929430214323,
comparison_at_k192.csv,baseline,20260923,cn7,0.1,967,484,13,0.0134436401240951,97,11,2,86,0.8461538461538461,0.1134020618556701,8.435368754956384,0.2862651503845684,0.9333575229801644,11,86,2,868,0.2,0.9089968976215098,
comparison_at_k192.csv,baseline,20260923,rg3,0.1,946,473,20,0.0211416490486257,95,1,19,94,0.05,0.0105263157894736,0.4978947368421053,0.0230579391073042,0.5213822894168466,1,94,19,832,0.017391304347826,0.8805496828752643,
comparison_at_k192.csv,baseline,20260924,all,0.1,1913,957,33,0.0172503920543648,192,12,21,180,0.3636363636363636,0.0625,3.62310606060606,0.1154191889808864,0.7584219858156029,12,180,21,1700,0.1066666666666666,0.894929430214323,
comparison_at_k192.csv,baseline,20260924,cn7,0.1,967,484,13,0.0134436401240951,97,11,2,86,0.8461538461538461,0.1134020618556701,8.435368754956384,0.2862651503845684,0.9333575229801644,11,86,2,868,0.2,0.9089968976215098,
comparison_at_k192.csv,baseline,20260924,rg3,0.1,946,473,20,0.0211416490486257,95,1,19,94,0.05,0.0105263157894736,0.4978947368421053,0.0230579391073042,0.5213822894168466,1,94,19,832,0.017391304347826,0.8805496828752643,
comparison_at_k192.csv,fixed_local_logistic_c1__rg3_cat_pair_rank_mean,20260922,all,0.1,1913,957,33,0.0172503920543648,192,16,17,176,0.4848484848484848,0.0833333333333333,4.83080808080808,0.1030638082812796,0.7975580270793037,16,176,17,1704,0.1422222222222222,,0.8991113434396236
comparison_at_k192.csv,fixed_local_logistic_c1__rg3_cat_pair_rank_mean,20260922,cn7,0.1,967,484,13,0.0134436401240951,97,12,1,85,0.9230769230769232,0.1237113402061855,9.202220459952418,0.3255767292374893,0.9654491211094984,12,85,1,869,0.2181818181818181,,0.9110651499482936
comparison_at_k192.csv,fixed_local_logistic_c1__rg3_cat_pair_rank_mean,20260922,rg3,0.1,946,473,20,0.0211416490486257,95,4,16,91,0.2,0.0421052631578947,1.991578947368421,0.0325576661777877,0.5846652267818575,4,91,16,835,0.0695652173913043,,0.8868921775898521
comparison_at_k192.csv,fixed_local_logistic_c1__rg3_cat_pair_rank_mean,20260923,all,0.1,1913,957,33,0.0172503920543648,192,17,16,175,0.5151515151515151,0.0885416666666666,5.132733585858586,0.0991126478443566,0.7943181818181819,17,175,16,1705,0.1511111111111111,,0.9001568217459488
comparison_at_k192.csv,fixed_local_logistic_c1__rg3_cat_pair_rank_mean,20260923,cn7,0.1,967,484,13,0.0134436401240951,97,12,1,85,0.9230769230769232,0.1237113402061855,9.202220459952418,0.3255767292374893,0.9654491211094984,12,85,1,869,0.2181818181818181,,0.9110651499482936
comparison_at_k192.csv,fixed_local_logistic_c1__rg3_cat_pair_rank_mean,20260923,rg3,0.1,946,473,20,0.0211416490486257,95,5,15,90,0.25,0.0526315789473684,2.4894736842105263,0.0321578334609799,0.5748380129589633,5,90,15,836,0.0869565217391304,,0.8890063424947146
comparison_at_k192.csv,fixed_local_logistic_c1__rg3_cat_pair_rank_mean,20260924,all,0.1,1913,957,33,0.0172503920543648,192,16,17,176,0.4848484848484848,0.0833333333333333,4.83080808080808,0.1012199614137821,0.7959300451321728,16,176,17,1704,0.1422222222222222,,0.8991113434396236
comparison_at_k192.csv,fixed_local_logistic_c1__rg3_cat_pair_rank_mean,20260924,cn7,0.1,967,484,13,0.0134436401240951,97,12,1,85,0.9230769230769232,0.1237113402061855,9.202220459952418,0.3255767292374893,0.9654491211094984,12,85,1,869,0.2181818181818181,,0.9110651499482936
comparison_at_k192.csv,fixed_local_logistic_c1__rg3_cat_pair_rank_mean,20260924,rg3,0.1,946,473,20,0.0211416490486257,95,4,16,91,0.2,0.0421052631578947,1.991578947368421,0.0353046375296879,0.5797516198704105,4,91,16,835,0.0695652173913043,,0.8868921775898521
calibrated_at_k192.csv,inner_calibrated_gpu_pair,20260922,all,0.1,1913,957,33,0.0172503920543648,192,13,20,179,0.3939393939393939,0.0677083333333333,3.925031565656565,0.0830764082147679,0.7460589941972922,13,179,20,1701,0.1155555555555555,0.8959749085206482,
calibrated_at_k192.csv,inner_calibrated_gpu_pair,20260922,cn7,0.1,967,484,13,0.0134436401240951,97,11,2,86,0.8461538461538461,0.1134020618556701,8.435368754956384,0.1592942764008181,0.9277939042089984,11,86,2,868,0.2,0.9089968976215098,
calibrated_at_k192.csv,inner_calibrated_gpu_pair,20260922,rg3,0.1,946,473,20,0.0211416490486257,95,2,18,93,0.1,0.0210526315789473,0.9957894736842106,0.0223792419053819,0.4336393088552915,2,93,18,833,0.0347826086956521,0.8826638477801269,
calibrated_at_k192.csv,inner_calibrated_gpu_pair,20260923,all,0.1,1913,957,33,0.0172503920543648,192,13,20,179,0.3939393939393939,0.0677083333333333,3.925031565656565,0.094177828529373,0.781810122501612,13,179,20,1701,0.1155555555555555,0.8959749085206482,
calibrated_at_k192.csv,inner_calibrated_gpu_pair,20260923,cn7,0.1,967,484,13,0.0134436401240951,97,11,2,86,0.8461538461538461,0.1134020618556701,8.435368754956384,0.1766050773717427,0.929245283018868,11,86,2,868,0.2,0.9089968976215098,
calibrated_at_k192.csv,inner_calibrated_gpu_pair,20260923,rg3,0.1,946,473,20,0.0211416490486257,95,2,18,93,0.1,0.0210526315789473,0.9957894736842106,0.0254179073376472,0.533207343412527,2,93,18,833,0.0347826086956521,0.8826638477801269,
calibrated_at_k192.csv,inner_calibrated_gpu_pair,20260924,all,0.1,1913,957,33,0.0172503920543648,192,13,20,179,0.3939393939393939,0.0677083333333333,3.925031565656565,0.0911829689428446,0.7433349451966473,13,179,20,1701,0.1155555555555555,0.8959749085206482,
calibrated_at_k192.csv,inner_calibrated_gpu_pair,20260924,cn7,0.1,967,484,13,0.0134436401240951,97,10,3,87,0.7692307692307693,0.1030927835051546,7.668517049960348,0.1817414028286266,0.8757055313659088,10,87,3,867,0.1818181818181818,0.906928645294726,
calibrated_at_k192.csv,inner_calibrated_gpu_pair,20260924,rg3,0.1,946,473,20,0.0211416490486257,95,3,17,92,0.15,0.031578947368421,1.4936842105263155,0.024060850674799,0.4980021598272138,3,92,17,834,0.0521739130434782,0.8847780126849895,
