component,seed,fold,max_absolute_raw_difference,mean_absolute_rank_change,rank_changed_rows
cat_event_a1,20260922,0,0.15576807845969987,15.031578947368422,182
cat_event_a1,20260923,0,0.15818132246061112,17.642105263157895,176
cat_event_a1,20260924,0,0.211420758567417,14.610526315789473,178
cat_row_a1,20260922,0,0.23585582965705557,15.073684210526316,176
cat_row_a1,20260923,0,0.15317360019562776,13.51578947368421,178
cat_row_a1,20260924,0,0.22763001863945354,16.88421052631579,178
cat_event_a1,20260922,1,0.1497847102242772,16.085106382978722,182
cat_event_a1,20260923,1,0.2531852858160295,14.936170212765957,172
cat_event_a1,20260924,1,0.14390169888805415,18.085106382978722,174
cat_row_a1,20260922,1,0.10200640696677907,14.297872340425531,172
cat_row_a1,20260923,1,0.1268848607968578,13.829787234042554,170
cat_row_a1,20260924,1,0.119709813028957,15.02127659574468,172
cat_event_a1,20260922,2,0.1979993514261224,15.404255319148936,170
cat_event_a1,20260923,2,0.1679354630655352,12.127659574468085,168
cat_event_a1,20260924,2,0.13326914804900616,14.638297872340425,172
cat_row_a1,20260922,2,0.19330454898765104,14.680851063829786,180
cat_row_a1,20260923,2,0.19939177017183485,15.319148936170214,168
cat_row_a1,20260924,2,0.14989841750525223,14.340425531914894,176
cat_event_a1,20260922,3,0.25337893684432145,16.46315789473684,180
cat_event_a1,20260923,3,0.1536903753766374,18.189473684210526,178
cat_event_a1,20260924,3,0.17633053547139949,14.778947368421052,174
cat_row_a1,20260922,3,0.2078311457067275,19.49473684210526,176
cat_row_a1,20260923,3,0.1687120802614031,19.53684210526316,176
cat_row_a1,20260924,3,0.2777134790150505,15.621052631578948,178
cat_event_a1,20260922,4,0.14545627109455228,14.23157894736842,176
cat_event_a1,20260923,4,0.1285635859990852,13.76842105263158,168
cat_event_a1,20260924,4,0.11745952962103387,14.778947368421052,172
cat_row_a1,20260922,4,0.10451377121461042,16.63157894736842,180
cat_row_a1,20260923,4,0.1666775285627406,17.05263157894737,180
cat_row_a1,20260924,4,0.10982362316891575,16.54736842105263,174
