pipeline,intersection,union,jaccard
cat_event_a0,97,191,0.5078534031413613
cat_event_a0.25,111,177,0.6271186440677966
cat_event_a0.5,122,166,0.7349397590361446
cat_event_a1,132,156,0.8461538461538461
cat_row_a0,97,191,0.5078534031413613
cat_row_a0.25,107,181,0.5911602209944752
cat_row_a0.5,119,169,0.7041420118343196
cat_row_a1,140,148,0.9459459459459459
historical_cpu,53,235,0.225531914893617
historical_gpu,138,150,0.92
mix_ndcg,118,170,0.6941176470588235
mix_pairwise,131,157,0.8343949044585988
nested_selected,133,155,0.8580645161290322
pair_a0,95,193,0.49222797927461137
pair_a0.25,112,176,0.6363636363636364
pair_a0.5,120,168,0.7142857142857143
pair_a1,144,144,1.0
rank_ndcg,92,196,0.46938775510204084
rank_pairwise,125,163,0.7668711656441718
