component,fold,seed,max_absolute_error
cat_row_d3,0,20260922,0.0
cat_event_d3,0,20260922,0.0
cat_row_d3,0,20260923,0.0
cat_event_d3,0,20260923,0.0
cat_row_d3,0,20260924,0.0
cat_event_d3,0,20260924,0.0
cat_row_d3,1,20260922,0.0
cat_event_d3,1,20260922,0.0
cat_row_d3,1,20260923,0.0
cat_event_d3,1,20260923,0.0
cat_row_d3,1,20260924,0.0
cat_event_d3,1,20260924,0.0
cat_row_d3,2,20260922,0.0
cat_event_d3,2,20260922,0.0
cat_row_d3,2,20260923,0.0
cat_event_d3,2,20260923,0.0
cat_row_d3,2,20260924,0.0
cat_event_d3,2,20260924,0.0
cat_row_d3,3,20260922,0.0
cat_event_d3,3,20260922,0.0
cat_row_d3,3,20260923,0.0
cat_event_d3,3,20260923,0.0
cat_row_d3,3,20260924,0.0
cat_event_d3,3,20260924,0.0
cat_row_d3,4,20260922,0.0
cat_event_d3,4,20260922,0.0
cat_row_d3,4,20260923,0.0
cat_event_d3,4,20260923,0.0
cat_row_d3,4,20260924,0.0
cat_event_d3,4,20260924,0.0
