pipeline,contract,fraction,macro_ap
cat_event_a0,batch_allocated,0.05,0.17373778818963376
cat_event_a0,batch_allocated,0.075,0.17373778818963376
cat_event_a0,batch_allocated,0.1,0.17373778818963376
cat_event_a0,historical_pooled,0.05,0.17373778818963376
cat_event_a0,historical_pooled,0.075,0.17373778818963376
cat_event_a0,historical_pooled,0.1,0.17373778818963376
cat_event_a0.25,batch_allocated,0.05,0.1748419795216021
cat_event_a0.25,batch_allocated,0.075,0.1748419795216021
cat_event_a0.25,batch_allocated,0.1,0.1748419795216021
cat_event_a0.25,historical_pooled,0.05,0.1748419795216021
cat_event_a0.25,historical_pooled,0.075,0.1748419795216021
cat_event_a0.25,historical_pooled,0.1,0.1748419795216021
cat_event_a0.5,batch_allocated,0.05,0.1764116992157692
cat_event_a0.5,batch_allocated,0.075,0.1764116992157692
cat_event_a0.5,batch_allocated,0.1,0.1764116992157692
cat_event_a0.5,historical_pooled,0.05,0.1764116992157692
cat_event_a0.5,historical_pooled,0.075,0.1764116992157692
cat_event_a0.5,historical_pooled,0.1,0.1764116992157692
cat_event_a1,batch_allocated,0.05,0.17792565486238793
cat_event_a1,batch_allocated,0.075,0.17792565486238793
cat_event_a1,batch_allocated,0.1,0.17792565486238793
cat_event_a1,historical_pooled,0.05,0.17792565486238793
cat_event_a1,historical_pooled,0.075,0.17792565486238793
cat_event_a1,historical_pooled,0.1,0.17792565486238793
cat_row_a0,batch_allocated,0.05,0.1747171120604315
cat_row_a0,batch_allocated,0.075,0.1747171120604315
cat_row_a0,batch_allocated,0.1,0.1747171120604315
cat_row_a0,historical_pooled,0.05,0.1747171120604315
cat_row_a0,historical_pooled,0.075,0.1747171120604315
cat_row_a0,historical_pooled,0.1,0.1747171120604315
cat_row_a0.25,batch_allocated,0.05,0.18003118859567074
cat_row_a0.25,batch_allocated,0.075,0.18003118859567074
cat_row_a0.25,batch_allocated,0.1,0.18003118859567074
cat_row_a0.25,historical_pooled,0.05,0.18003118859567074
cat_row_a0.25,historical_pooled,0.075,0.18003118859567074
cat_row_a0.25,historical_pooled,0.1,0.18003118859567074
cat_row_a0.5,batch_allocated,0.05,0.17940279227747422
cat_row_a0.5,batch_allocated,0.075,0.17940279227747422
cat_row_a0.5,batch_allocated,0.1,0.17940279227747422
cat_row_a0.5,historical_pooled,0.05,0.17940279227747422
cat_row_a0.5,historical_pooled,0.075,0.17940279227747422
cat_row_a0.5,historical_pooled,0.1,0.17940279227747422
cat_row_a1,batch_allocated,0.05,0.18009101635840966
cat_row_a1,batch_allocated,0.075,0.18009101635840966
cat_row_a1,batch_allocated,0.1,0.18009101635840966
cat_row_a1,historical_pooled,0.05,0.18009101635840966
cat_row_a1,historical_pooled,0.075,0.18009101635840966
cat_row_a1,historical_pooled,0.1,0.18009101635840966
historical_cpu,batch_allocated,0.05,0.15466154474593632
historical_cpu,batch_allocated,0.075,0.15466154474593632
historical_cpu,batch_allocated,0.1,0.15466154474593632
historical_cpu,historical_pooled,0.05,0.15466154474593632
historical_cpu,historical_pooled,0.075,0.15466154474593632
historical_cpu,historical_pooled,0.1,0.15466154474593632
historical_gpu,batch_allocated,0.05,0.17974556445813059
historical_gpu,batch_allocated,0.075,0.17974556445813059
historical_gpu,batch_allocated,0.1,0.17974556445813059
historical_gpu,historical_pooled,0.05,0.17974556445813059
historical_gpu,historical_pooled,0.075,0.17974556445813059
historical_gpu,historical_pooled,0.1,0.17974556445813059
mix_ndcg,batch_allocated,0.05,0.17702038995486272
mix_ndcg,batch_allocated,0.075,0.17702038995486272
mix_ndcg,batch_allocated,0.1,0.17702038995486272
mix_ndcg,historical_pooled,0.05,0.17702038995486272
mix_ndcg,historical_pooled,0.075,0.17702038995486272
mix_ndcg,historical_pooled,0.1,0.17702038995486272
mix_pairwise,batch_allocated,0.05,0.18177252616788808
mix_pairwise,batch_allocated,0.075,0.18177252616788808
mix_pairwise,batch_allocated,0.1,0.18177252616788808
mix_pairwise,historical_pooled,0.05,0.18177252616788808
mix_pairwise,historical_pooled,0.075,0.18177252616788808
mix_pairwise,historical_pooled,0.1,0.18177252616788808
nested_selected,batch_allocated,0.05,0.17823290671703673
nested_selected,batch_allocated,0.075,0.17823290671703673
nested_selected,batch_allocated,0.1,0.17823290671703673
nested_selected,historical_pooled,0.05,0.17823290671703673
nested_selected,historical_pooled,0.075,0.17823290671703673
nested_selected,historical_pooled,0.1,0.17823290671703673
pair_a0,batch_allocated,0.05,0.17428309284080234
pair_a0,batch_allocated,0.075,0.17428309284080234
pair_a0,batch_allocated,0.1,0.17428309284080234
pair_a0,historical_pooled,0.05,0.17428309284080234
pair_a0,historical_pooled,0.075,0.17428309284080234
pair_a0,historical_pooled,0.1,0.17428309284080234
pair_a0.25,batch_allocated,0.05,0.17657658766852086
pair_a0.25,batch_allocated,0.075,0.17657658766852086
pair_a0.25,batch_allocated,0.1,0.17657658766852086
pair_a0.25,historical_pooled,0.05,0.17657658766852086
pair_a0.25,historical_pooled,0.075,0.17657658766852086
pair_a0.25,historical_pooled,0.1,0.17657658766852086
pair_a0.5,batch_allocated,0.05,0.1773634201367636
pair_a0.5,batch_allocated,0.075,0.1773634201367636
pair_a0.5,batch_allocated,0.1,0.1773634201367636
pair_a0.5,historical_pooled,0.05,0.1773634201367636
pair_a0.5,historical_pooled,0.075,0.1773634201367636
pair_a0.5,historical_pooled,0.1,0.1773634201367636
pair_a1,batch_allocated,0.05,0.17883763944997982
pair_a1,batch_allocated,0.075,0.17883763944997982
pair_a1,batch_allocated,0.1,0.17883763944997982
pair_a1,historical_pooled,0.05,0.17883763944997982
pair_a1,historical_pooled,0.075,0.17883763944997982
pair_a1,historical_pooled,0.1,0.17883763944997982
rank_ndcg,batch_allocated,0.05,0.1730361272467106
rank_ndcg,batch_allocated,0.075,0.1730361272467106
rank_ndcg,batch_allocated,0.1,0.1730361272467106
rank_ndcg,historical_pooled,0.05,0.1730361272467106
rank_ndcg,historical_pooled,0.075,0.1730361272467106
rank_ndcg,historical_pooled,0.1,0.1730361272467106
rank_pairwise,batch_allocated,0.05,0.18043057312099312
rank_pairwise,batch_allocated,0.075,0.18043057312099312
rank_pairwise,batch_allocated,0.1,0.18043057312099312
rank_pairwise,historical_pooled,0.05,0.18043057312099312
rank_pairwise,historical_pooled,0.075,0.18043057312099312
rank_pairwise,historical_pooled,0.1,0.18043057312099312
