pipeline,seed,contract,tp_min,tp_expected,tp_max
cat_event_a0,20260922,batch_allocated,11,11.0,11
cat_event_a0,20260922,historical_pooled,10,10.0,10
cat_event_a0,20260923,batch_allocated,11,11.0,11
cat_event_a0,20260923,historical_pooled,10,10.0,10
cat_event_a0,20260924,batch_allocated,12,12.0,12
cat_event_a0,20260924,historical_pooled,11,11.0,11
cat_event_a0,ensemble,batch_allocated,11,11.0,11
cat_event_a0,ensemble,historical_pooled,10,10.0,10
cat_event_a0.25,20260922,batch_allocated,13,13.0,13
cat_event_a0.25,20260922,historical_pooled,12,12.0,12
cat_event_a0.25,20260923,batch_allocated,12,12.0,12
cat_event_a0.25,20260923,historical_pooled,11,11.0,11
cat_event_a0.25,20260924,batch_allocated,12,12.0,12
cat_event_a0.25,20260924,historical_pooled,11,11.0,11
cat_event_a0.25,ensemble,batch_allocated,12,12.0,12
cat_event_a0.25,ensemble,historical_pooled,12,12.0,12
cat_event_a0.5,20260922,batch_allocated,14,14.0,14
cat_event_a0.5,20260922,historical_pooled,13,13.0,13
cat_event_a0.5,20260923,batch_allocated,14,14.0,14
cat_event_a0.5,20260923,historical_pooled,13,13.0,13
cat_event_a0.5,20260924,batch_allocated,13,13.0,13
cat_event_a0.5,20260924,historical_pooled,12,12.0,12
cat_event_a0.5,ensemble,batch_allocated,13,13.0,13
cat_event_a0.5,ensemble,historical_pooled,12,12.0,12
cat_event_a1,20260922,batch_allocated,13,13.0,13
cat_event_a1,20260922,historical_pooled,12,12.166666666666666,13
cat_event_a1,20260923,batch_allocated,13,13.0,13
cat_event_a1,20260923,historical_pooled,12,12.0,12
cat_event_a1,20260924,batch_allocated,12,12.5,13
cat_event_a1,20260924,historical_pooled,11,11.166666666666666,12
cat_event_a1,ensemble,batch_allocated,12,12.0,12
cat_event_a1,ensemble,historical_pooled,11,11.833333333333334,12
cat_row_a0,20260922,batch_allocated,12,12.0,12
cat_row_a0,20260922,historical_pooled,11,11.0,11
cat_row_a0,20260923,batch_allocated,14,14.0,14
cat_row_a0,20260923,historical_pooled,13,13.0,13
cat_row_a0,20260924,batch_allocated,12,12.0,12
cat_row_a0,20260924,historical_pooled,11,11.0,11
cat_row_a0,ensemble,batch_allocated,12,12.25,13
cat_row_a0,ensemble,historical_pooled,11,11.0,11
cat_row_a0.25,20260922,batch_allocated,13,13.0,13
cat_row_a0.25,20260922,historical_pooled,12,12.0,12
cat_row_a0.25,20260923,batch_allocated,13,13.0,13
cat_row_a0.25,20260923,historical_pooled,12,12.0,12
cat_row_a0.25,20260924,batch_allocated,13,13.0,13
cat_row_a0.25,20260924,historical_pooled,12,12.166666666666666,13
cat_row_a0.25,ensemble,batch_allocated,12,12.0,12
cat_row_a0.25,ensemble,historical_pooled,11,11.0,11
cat_row_a0.5,20260922,batch_allocated,15,15.0,15
cat_row_a0.5,20260922,historical_pooled,14,14.166666666666668,15
cat_row_a0.5,20260923,batch_allocated,15,15.0,15
cat_row_a0.5,20260923,historical_pooled,14,14.0,14
cat_row_a0.5,20260924,batch_allocated,15,15.0,15
cat_row_a0.5,20260924,historical_pooled,14,14.0,14
cat_row_a0.5,ensemble,batch_allocated,15,15.0,15
cat_row_a0.5,ensemble,historical_pooled,14,14.0,14
cat_row_a1,20260922,batch_allocated,13,13.0,13
cat_row_a1,20260922,historical_pooled,12,12.166666666666666,13
cat_row_a1,20260923,batch_allocated,14,14.0,14
cat_row_a1,20260923,historical_pooled,13,13.0,13
cat_row_a1,20260924,batch_allocated,14,14.0,14
cat_row_a1,20260924,historical_pooled,13,13.0,13
cat_row_a1,ensemble,batch_allocated,14,14.0,14
cat_row_a1,ensemble,historical_pooled,13,13.0,13
historical_cpu,20260922,batch_allocated,10,10.0,10
historical_cpu,20260922,historical_pooled,9,9.0,9
historical_cpu,20260923,batch_allocated,10,10.0,10
historical_cpu,20260923,historical_pooled,9,9.0,9
historical_cpu,20260924,batch_allocated,10,10.0,10
historical_cpu,20260924,historical_pooled,9,9.0,9
historical_cpu,ensemble,batch_allocated,10,10.0,10
historical_cpu,ensemble,historical_pooled,9,9.0,9
historical_gpu,20260922,batch_allocated,15,15.0,15
historical_gpu,20260922,historical_pooled,13,13.5,14
historical_gpu,20260923,batch_allocated,15,15.0,15
historical_gpu,20260923,historical_pooled,14,14.0,14
historical_gpu,20260924,batch_allocated,14,14.0,14
historical_gpu,20260924,historical_pooled,13,13.0,13
historical_gpu,ensemble,batch_allocated,14,14.0,14
historical_gpu,ensemble,historical_pooled,13,13.0,13
mix_ndcg,20260922,batch_allocated,14,14.0,14
mix_ndcg,20260922,historical_pooled,12,12.0,12
mix_ndcg,20260923,batch_allocated,15,15.0,15
mix_ndcg,20260923,historical_pooled,13,13.0,13
mix_ndcg,20260924,batch_allocated,14,14.0,14
mix_ndcg,20260924,historical_pooled,13,13.0,13
mix_ndcg,ensemble,batch_allocated,14,14.0,14
mix_ndcg,ensemble,historical_pooled,13,13.0,13
mix_pairwise,20260922,batch_allocated,13,13.25,14
mix_pairwise,20260922,historical_pooled,12,12.0,12
mix_pairwise,20260923,batch_allocated,12,12.5,13
mix_pairwise,20260923,historical_pooled,12,12.0,12
mix_pairwise,20260924,batch_allocated,12,12.5,13
mix_pairwise,20260924,historical_pooled,12,12.0,12
mix_pairwise,ensemble,batch_allocated,12,12.5,13
mix_pairwise,ensemble,historical_pooled,12,12.0,12
nested_selected,20260922,batch_allocated,13,13.0,13
nested_selected,20260922,historical_pooled,12,12.0,12
nested_selected,20260923,batch_allocated,12,12.0,12
nested_selected,20260923,historical_pooled,11,11.0,11
nested_selected,20260924,batch_allocated,12,12.0,12
nested_selected,20260924,historical_pooled,11,11.0,11
nested_selected,ensemble,batch_allocated,12,12.0,12
nested_selected,ensemble,historical_pooled,11,11.0,11
pair_a0,20260922,batch_allocated,12,12.0,12
pair_a0,20260922,historical_pooled,11,11.0,11
pair_a0,20260923,batch_allocated,11,11.5,12
pair_a0,20260923,historical_pooled,11,11.0,11
pair_a0,20260924,batch_allocated,11,11.0,11
pair_a0,20260924,historical_pooled,11,11.0,11
pair_a0,ensemble,batch_allocated,12,12.0,12
pair_a0,ensemble,historical_pooled,11,11.0,11
pair_a0.25,20260922,batch_allocated,13,13.0,13
pair_a0.25,20260922,historical_pooled,12,12.0,12
pair_a0.25,20260923,batch_allocated,13,13.5,14
pair_a0.25,20260923,historical_pooled,12,12.0,12
pair_a0.25,20260924,batch_allocated,13,13.0,13
pair_a0.25,20260924,historical_pooled,12,12.0,12
pair_a0.25,ensemble,batch_allocated,12,12.0,12
pair_a0.25,ensemble,historical_pooled,12,12.0,12
pair_a0.5,20260922,batch_allocated,14,14.0,14
pair_a0.5,20260922,historical_pooled,13,13.0,13
pair_a0.5,20260923,batch_allocated,13,13.5,14
pair_a0.5,20260923,historical_pooled,12,12.0,12
pair_a0.5,20260924,batch_allocated,13,13.0,13
pair_a0.5,20260924,historical_pooled,13,13.0,13
pair_a0.5,ensemble,batch_allocated,14,14.0,14
pair_a0.5,ensemble,historical_pooled,13,13.0,13
pair_a1,20260922,batch_allocated,14,14.0,14
pair_a1,20260922,historical_pooled,13,13.0,13
pair_a1,20260923,batch_allocated,13,13.5,14
pair_a1,20260923,historical_pooled,13,13.0,13
pair_a1,20260924,batch_allocated,13,13.0,13
pair_a1,20260924,historical_pooled,12,12.0,12
pair_a1,ensemble,batch_allocated,14,14.0,14
pair_a1,ensemble,historical_pooled,12,12.0,12
rank_ndcg,20260922,batch_allocated,12,12.0,12
rank_ndcg,20260922,historical_pooled,11,11.0,11
rank_ndcg,20260923,batch_allocated,12,12.0,12
rank_ndcg,20260923,historical_pooled,11,11.0,11
rank_ndcg,20260924,batch_allocated,12,12.0,12
rank_ndcg,20260924,historical_pooled,11,11.0,11
rank_ndcg,ensemble,batch_allocated,12,12.0,12
rank_ndcg,ensemble,historical_pooled,11,11.0,11
rank_pairwise,20260922,batch_allocated,13,13.5,14
rank_pairwise,20260922,historical_pooled,12,12.333333333333334,13
rank_pairwise,20260923,batch_allocated,13,13.5,14
rank_pairwise,20260923,historical_pooled,12,12.333333333333334,13
rank_pairwise,20260924,batch_allocated,13,13.5,14
rank_pairwise,20260924,historical_pooled,12,12.333333333333334,13
rank_pairwise,ensemble,batch_allocated,13,13.5,14
rank_pairwise,ensemble,historical_pooled,12,12.333333333333334,13
