pipeline,seed,contract,machine,batch,k,tie_rows,tie_positive,boundary_slots,tp_min,tp_expected,tp_max
pair_a1,20260922,historical_pooled,cn7,0,73,2,0,1,10,10.0,10
pair_a1,20260922,historical_pooled,rg3,0,71,4,0,3,3,3.0,3
pair_a1,20260922,batch_allocated,cn7,0,15,2,0,1,2,2.0,2
pair_a1,20260922,batch_allocated,cn7,1,15,2,0,1,2,2.0,2
pair_a1,20260922,batch_allocated,cn7,2,15,2,0,1,2,2.0,2
pair_a1,20260922,batch_allocated,cn7,3,14,2,0,2,2,2.0,2
pair_a1,20260922,batch_allocated,cn7,4,14,2,0,2,3,3.0,3
pair_a1,20260922,batch_allocated,rg3,0,15,2,0,1,1,1.0,1
pair_a1,20260922,batch_allocated,rg3,1,14,4,0,4,0,0.0,0
pair_a1,20260922,batch_allocated,rg3,2,14,2,0,2,1,1.0,1
pair_a1,20260922,batch_allocated,rg3,3,14,2,0,2,0,0.0,0
pair_a1,20260922,batch_allocated,rg3,4,14,2,1,2,1,1.0,1
pair_a0,20260922,historical_pooled,cn7,0,73,2,0,1,10,10.0,10
pair_a0,20260922,historical_pooled,rg3,0,71,2,0,1,1,1.0,1
pair_a0,20260922,batch_allocated,cn7,0,15,2,0,1,2,2.0,2
pair_a0,20260922,batch_allocated,cn7,1,15,2,0,1,2,2.0,2
pair_a0,20260922,batch_allocated,cn7,2,15,2,0,1,2,2.0,2
pair_a0,20260922,batch_allocated,cn7,3,14,2,0,2,2,2.0,2
pair_a0,20260922,batch_allocated,cn7,4,14,2,0,2,3,3.0,3
pair_a0,20260922,batch_allocated,rg3,0,15,2,0,1,0,0.0,0
pair_a0,20260922,batch_allocated,rg3,1,14,2,1,2,1,1.0,1
pair_a0,20260922,batch_allocated,rg3,2,14,2,0,2,0,0.0,0
pair_a0,20260922,batch_allocated,rg3,3,14,4,0,2,0,0.0,0
pair_a0,20260922,batch_allocated,rg3,4,14,2,0,2,0,0.0,0
pair_a0.25,20260922,historical_pooled,cn7,0,73,2,0,1,10,10.0,10
pair_a0.25,20260922,historical_pooled,rg3,0,71,4,0,3,2,2.0,2
pair_a0.25,20260922,batch_allocated,cn7,0,15,2,0,1,2,2.0,2
pair_a0.25,20260922,batch_allocated,cn7,1,15,2,0,1,2,2.0,2
pair_a0.25,20260922,batch_allocated,cn7,2,15,2,0,1,2,2.0,2
pair_a0.25,20260922,batch_allocated,cn7,3,14,2,0,2,2,2.0,2
pair_a0.25,20260922,batch_allocated,cn7,4,14,2,0,2,3,3.0,3
pair_a0.25,20260922,batch_allocated,rg3,0,15,2,0,1,1,1.0,1
pair_a0.25,20260922,batch_allocated,rg3,1,14,4,0,2,1,1.0,1
pair_a0.25,20260922,batch_allocated,rg3,2,14,2,0,2,0,0.0,0
pair_a0.25,20260922,batch_allocated,rg3,3,14,4,0,4,0,0.0,0
pair_a0.25,20260922,batch_allocated,rg3,4,14,4,0,2,0,0.0,0
pair_a0.5,20260922,historical_pooled,cn7,0,73,2,0,1,10,10.0,10
pair_a0.5,20260922,historical_pooled,rg3,0,71,4,0,1,3,3.0,3
pair_a0.5,20260922,batch_allocated,cn7,0,15,2,0,1,2,2.0,2
pair_a0.5,20260922,batch_allocated,cn7,1,15,2,0,1,2,2.0,2
pair_a0.5,20260922,batch_allocated,cn7,2,15,2,0,1,2,2.0,2
pair_a0.5,20260922,batch_allocated,cn7,3,14,2,0,2,2,2.0,2
pair_a0.5,20260922,batch_allocated,cn7,4,14,2,0,2,3,3.0,3
pair_a0.5,20260922,batch_allocated,rg3,0,15,2,0,1,1,1.0,1
pair_a0.5,20260922,batch_allocated,rg3,1,14,4,0,2,1,1.0,1
pair_a0.5,20260922,batch_allocated,rg3,2,14,2,0,2,1,1.0,1
pair_a0.5,20260922,batch_allocated,rg3,3,14,2,0,2,0,0.0,0
pair_a0.5,20260922,batch_allocated,rg3,4,14,4,0,2,0,0.0,0
rank_pairwise,20260922,historical_pooled,cn7,0,73,2,0,1,10,10.0,10
rank_pairwise,20260922,historical_pooled,rg3,0,71,6,2,1,2,2.3333333333333335,3
rank_pairwise,20260922,batch_allocated,cn7,0,15,2,0,1,2,2.0,2
rank_pairwise,20260922,batch_allocated,cn7,1,15,2,0,1,2,2.0,2
rank_pairwise,20260922,batch_allocated,cn7,2,15,2,0,1,2,2.0,2
rank_pairwise,20260922,batch_allocated,cn7,3,14,2,0,2,2,2.0,2
rank_pairwise,20260922,batch_allocated,cn7,4,14,2,0,2,3,3.0,3
rank_pairwise,20260922,batch_allocated,rg3,0,15,2,1,1,0,0.5,1
rank_pairwise,20260922,batch_allocated,rg3,1,14,2,0,2,0,0.0,0
rank_pairwise,20260922,batch_allocated,rg3,2,14,2,0,2,1,1.0,1
rank_pairwise,20260922,batch_allocated,rg3,3,14,2,0,2,0,0.0,0
rank_pairwise,20260922,batch_allocated,rg3,4,14,2,0,2,1,1.0,1
rank_ndcg,20260922,historical_pooled,cn7,0,73,2,0,1,10,10.0,10
rank_ndcg,20260922,historical_pooled,rg3,0,71,6,0,1,1,1.0,1
rank_ndcg,20260922,batch_allocated,cn7,0,15,2,0,1,2,2.0,2
rank_ndcg,20260922,batch_allocated,cn7,1,15,2,0,1,2,2.0,2
rank_ndcg,20260922,batch_allocated,cn7,2,15,2,0,1,2,2.0,2
rank_ndcg,20260922,batch_allocated,cn7,3,14,2,0,2,2,2.0,2
rank_ndcg,20260922,batch_allocated,cn7,4,14,2,0,2,3,3.0,3
rank_ndcg,20260922,batch_allocated,rg3,0,15,2,0,1,0,0.0,0
rank_ndcg,20260922,batch_allocated,rg3,1,14,2,0,2,0,0.0,0
rank_ndcg,20260922,batch_allocated,rg3,2,14,2,1,2,1,1.0,1
rank_ndcg,20260922,batch_allocated,rg3,3,14,2,0,2,0,0.0,0
rank_ndcg,20260922,batch_allocated,rg3,4,14,2,0,2,0,0.0,0
mix_pairwise,20260922,historical_pooled,cn7,0,73,2,0,1,10,10.0,10
mix_pairwise,20260922,historical_pooled,rg3,0,71,4,0,3,2,2.0,2
mix_pairwise,20260922,batch_allocated,cn7,0,15,2,0,1,2,2.0,2
mix_pairwise,20260922,batch_allocated,cn7,1,15,2,0,1,2,2.0,2
mix_pairwise,20260922,batch_allocated,cn7,2,15,2,0,1,2,2.0,2
mix_pairwise,20260922,batch_allocated,cn7,3,14,2,0,2,2,2.0,2
mix_pairwise,20260922,batch_allocated,cn7,4,14,2,0,2,3,3.0,3
mix_pairwise,20260922,batch_allocated,rg3,0,15,4,1,1,0,0.25,1
mix_pairwise,20260922,batch_allocated,rg3,1,14,2,0,2,0,0.0,0
mix_pairwise,20260922,batch_allocated,rg3,2,14,2,0,2,1,1.0,1
mix_pairwise,20260922,batch_allocated,rg3,3,14,2,0,2,0,0.0,0
mix_pairwise,20260922,batch_allocated,rg3,4,14,2,1,2,1,1.0,1
mix_ndcg,20260922,historical_pooled,cn7,0,73,2,0,1,10,10.0,10
mix_ndcg,20260922,historical_pooled,rg3,0,71,2,0,1,2,2.0,2
mix_ndcg,20260922,batch_allocated,cn7,0,15,2,0,1,2,2.0,2
mix_ndcg,20260922,batch_allocated,cn7,1,15,2,0,1,2,2.0,2
mix_ndcg,20260922,batch_allocated,cn7,2,15,2,0,1,2,2.0,2
mix_ndcg,20260922,batch_allocated,cn7,3,14,2,0,2,2,2.0,2
mix_ndcg,20260922,batch_allocated,cn7,4,14,2,0,2,3,3.0,3
mix_ndcg,20260922,batch_allocated,rg3,0,15,2,0,1,1,1.0,1
mix_ndcg,20260922,batch_allocated,rg3,1,14,2,0,2,0,0.0,0
mix_ndcg,20260922,batch_allocated,rg3,2,14,2,0,2,2,2.0,2
mix_ndcg,20260922,batch_allocated,rg3,3,14,2,0,2,0,0.0,0
mix_ndcg,20260922,batch_allocated,rg3,4,14,2,0,2,0,0.0,0
cat_row_a1,20260922,historical_pooled,cn7,0,73,2,0,1,10,10.0,10
cat_row_a1,20260922,historical_pooled,rg3,0,71,6,1,1,2,2.1666666666666665,3
cat_row_a1,20260922,batch_allocated,cn7,0,15,2,0,1,2,2.0,2
cat_row_a1,20260922,batch_allocated,cn7,1,15,2,0,1,2,2.0,2
cat_row_a1,20260922,batch_allocated,cn7,2,15,2,0,1,2,2.0,2
cat_row_a1,20260922,batch_allocated,cn7,3,14,2,0,2,2,2.0,2
cat_row_a1,20260922,batch_allocated,cn7,4,14,2,0,2,3,3.0,3
cat_row_a1,20260922,batch_allocated,rg3,0,15,2,0,1,0,0.0,0
cat_row_a1,20260922,batch_allocated,rg3,1,14,2,0,2,1,1.0,1
cat_row_a1,20260922,batch_allocated,rg3,2,14,2,0,2,1,1.0,1
cat_row_a1,20260922,batch_allocated,rg3,3,14,2,0,2,0,0.0,0
cat_row_a1,20260922,batch_allocated,rg3,4,14,2,0,2,0,0.0,0
cat_event_a1,20260922,historical_pooled,cn7,0,73,2,0,1,10,10.0,10
cat_event_a1,20260922,historical_pooled,rg3,0,71,6,1,1,2,2.1666666666666665,3
cat_event_a1,20260922,batch_allocated,cn7,0,15,2,0,1,2,2.0,2
cat_event_a1,20260922,batch_allocated,cn7,1,15,2,0,1,2,2.0,2
cat_event_a1,20260922,batch_allocated,cn7,2,15,2,0,1,2,2.0,2
cat_event_a1,20260922,batch_allocated,cn7,3,14,2,0,2,2,2.0,2
cat_event_a1,20260922,batch_allocated,cn7,4,14,2,0,2,3,3.0,3
cat_event_a1,20260922,batch_allocated,rg3,0,15,2,0,1,1,1.0,1
cat_event_a1,20260922,batch_allocated,rg3,1,14,2,0,2,0,0.0,0
cat_event_a1,20260922,batch_allocated,rg3,2,14,2,0,2,1,1.0,1
cat_event_a1,20260922,batch_allocated,rg3,3,14,2,0,2,0,0.0,0
cat_event_a1,20260922,batch_allocated,rg3,4,14,2,0,2,0,0.0,0
cat_row_a0,20260922,historical_pooled,cn7,0,73,2,0,1,10,10.0,10
cat_row_a0,20260922,historical_pooled,rg3,0,71,6,0,1,1,1.0,1
cat_row_a0,20260922,batch_allocated,cn7,0,15,2,0,1,2,2.0,2
cat_row_a0,20260922,batch_allocated,cn7,1,15,2,0,1,2,2.0,2
cat_row_a0,20260922,batch_allocated,cn7,2,15,2,0,1,2,2.0,2
cat_row_a0,20260922,batch_allocated,cn7,3,14,2,0,2,2,2.0,2
cat_row_a0,20260922,batch_allocated,cn7,4,14,2,0,2,3,3.0,3
cat_row_a0,20260922,batch_allocated,rg3,0,15,2,0,1,0,0.0,0
cat_row_a0,20260922,batch_allocated,rg3,1,14,2,0,2,1,1.0,1
cat_row_a0,20260922,batch_allocated,rg3,2,14,2,0,2,0,0.0,0
cat_row_a0,20260922,batch_allocated,rg3,3,14,2,0,2,0,0.0,0
cat_row_a0,20260922,batch_allocated,rg3,4,14,2,0,2,0,0.0,0
cat_event_a0,20260922,historical_pooled,cn7,0,73,2,0,1,10,10.0,10
cat_event_a0,20260922,historical_pooled,rg3,0,71,6,0,1,0,0.0,0
cat_event_a0,20260922,batch_allocated,cn7,0,15,2,0,1,2,2.0,2
cat_event_a0,20260922,batch_allocated,cn7,1,15,2,0,1,2,2.0,2
cat_event_a0,20260922,batch_allocated,cn7,2,15,2,0,1,2,2.0,2
cat_event_a0,20260922,batch_allocated,cn7,3,14,2,0,2,2,2.0,2
cat_event_a0,20260922,batch_allocated,cn7,4,14,2,0,2,3,3.0,3
cat_event_a0,20260922,batch_allocated,rg3,0,15,2,0,1,0,0.0,0
cat_event_a0,20260922,batch_allocated,rg3,1,14,2,0,2,0,0.0,0
cat_event_a0,20260922,batch_allocated,rg3,2,14,2,0,2,0,0.0,0
cat_event_a0,20260922,batch_allocated,rg3,3,14,2,0,2,0,0.0,0
cat_event_a0,20260922,batch_allocated,rg3,4,14,2,0,2,0,0.0,0
cat_row_a0.25,20260922,historical_pooled,cn7,0,73,2,0,1,10,10.0,10
cat_row_a0.25,20260922,historical_pooled,rg3,0,71,6,0,1,2,2.0,2
cat_row_a0.25,20260922,batch_allocated,cn7,0,15,2,0,1,2,2.0,2
cat_row_a0.25,20260922,batch_allocated,cn7,1,15,2,0,1,2,2.0,2
cat_row_a0.25,20260922,batch_allocated,cn7,2,15,2,0,1,2,2.0,2
cat_row_a0.25,20260922,batch_allocated,cn7,3,14,2,0,2,2,2.0,2
cat_row_a0.25,20260922,batch_allocated,cn7,4,14,2,0,2,3,3.0,3
cat_row_a0.25,20260922,batch_allocated,rg3,0,15,2,0,1,1,1.0,1
cat_row_a0.25,20260922,batch_allocated,rg3,1,14,2,0,2,1,1.0,1
cat_row_a0.25,20260922,batch_allocated,rg3,2,14,2,0,2,0,0.0,0
cat_row_a0.25,20260922,batch_allocated,rg3,3,14,2,0,2,0,0.0,0
cat_row_a0.25,20260922,batch_allocated,rg3,4,14,2,0,2,0,0.0,0
cat_event_a0.25,20260922,historical_pooled,cn7,0,73,2,0,1,10,10.0,10
cat_event_a0.25,20260922,historical_pooled,rg3,0,71,6,0,1,2,2.0,2
cat_event_a0.25,20260922,batch_allocated,cn7,0,15,2,0,1,2,2.0,2
cat_event_a0.25,20260922,batch_allocated,cn7,1,15,2,0,1,2,2.0,2
cat_event_a0.25,20260922,batch_allocated,cn7,2,15,2,0,1,2,2.0,2
cat_event_a0.25,20260922,batch_allocated,cn7,3,14,2,0,2,2,2.0,2
cat_event_a0.25,20260922,batch_allocated,cn7,4,14,2,0,2,3,3.0,3
cat_event_a0.25,20260922,batch_allocated,rg3,0,15,2,0,1,1,1.0,1
cat_event_a0.25,20260922,batch_allocated,rg3,1,14,2,1,2,1,1.0,1
cat_event_a0.25,20260922,batch_allocated,rg3,2,14,2,0,2,0,0.0,0
cat_event_a0.25,20260922,batch_allocated,rg3,3,14,2,0,2,0,0.0,0
cat_event_a0.25,20260922,batch_allocated,rg3,4,14,2,0,2,0,0.0,0
cat_row_a0.5,20260922,historical_pooled,cn7,0,73,2,0,1,10,10.0,10
cat_row_a0.5,20260922,historical_pooled,rg3,0,71,6,1,1,4,4.166666666666667,5
cat_row_a0.5,20260922,batch_allocated,cn7,0,15,2,0,1,2,2.0,2
cat_row_a0.5,20260922,batch_allocated,cn7,1,15,2,0,1,2,2.0,2
cat_row_a0.5,20260922,batch_allocated,cn7,2,15,2,0,1,2,2.0,2
cat_row_a0.5,20260922,batch_allocated,cn7,3,14,2,0,2,2,2.0,2
cat_row_a0.5,20260922,batch_allocated,cn7,4,14,2,0,2,3,3.0,3
cat_row_a0.5,20260922,batch_allocated,rg3,0,15,2,0,1,1,1.0,1
cat_row_a0.5,20260922,batch_allocated,rg3,1,14,2,1,2,1,1.0,1
cat_row_a0.5,20260922,batch_allocated,rg3,2,14,2,0,2,1,1.0,1
cat_row_a0.5,20260922,batch_allocated,rg3,3,14,2,0,2,0,0.0,0
cat_row_a0.5,20260922,batch_allocated,rg3,4,14,2,0,2,1,1.0,1
cat_event_a0.5,20260922,historical_pooled,cn7,0,73,2,0,1,10,10.0,10
cat_event_a0.5,20260922,historical_pooled,rg3,0,71,6,0,1,3,3.0,3
cat_event_a0.5,20260922,batch_allocated,cn7,0,15,2,0,1,2,2.0,2
cat_event_a0.5,20260922,batch_allocated,cn7,1,15,2,0,1,2,2.0,2
cat_event_a0.5,20260922,batch_allocated,cn7,2,15,2,0,1,2,2.0,2
cat_event_a0.5,20260922,batch_allocated,cn7,3,14,2,0,2,2,2.0,2
cat_event_a0.5,20260922,batch_allocated,cn7,4,14,2,0,2,3,3.0,3
cat_event_a0.5,20260922,batch_allocated,rg3,0,15,2,0,1,1,1.0,1
cat_event_a0.5,20260922,batch_allocated,rg3,1,14,2,1,2,1,1.0,1
cat_event_a0.5,20260922,batch_allocated,rg3,2,14,2,0,2,1,1.0,1
cat_event_a0.5,20260922,batch_allocated,rg3,3,14,2,0,2,0,0.0,0
cat_event_a0.5,20260922,batch_allocated,rg3,4,14,2,0,2,0,0.0,0
nested_selected,20260922,historical_pooled,cn7,0,73,2,0,1,10,10.0,10
nested_selected,20260922,historical_pooled,rg3,0,71,2,0,1,2,2.0,2
nested_selected,20260922,batch_allocated,cn7,0,15,2,0,1,2,2.0,2
nested_selected,20260922,batch_allocated,cn7,1,15,2,0,1,2,2.0,2
nested_selected,20260922,batch_allocated,cn7,2,15,2,0,1,2,2.0,2
nested_selected,20260922,batch_allocated,cn7,3,14,2,0,2,2,2.0,2
nested_selected,20260922,batch_allocated,cn7,4,14,2,0,2,3,3.0,3
nested_selected,20260922,batch_allocated,rg3,0,15,2,0,1,0,0.0,0
nested_selected,20260922,batch_allocated,rg3,1,14,2,0,2,0,0.0,0
nested_selected,20260922,batch_allocated,rg3,2,14,2,0,2,1,1.0,1
nested_selected,20260922,batch_allocated,rg3,3,14,2,0,2,0,0.0,0
nested_selected,20260922,batch_allocated,rg3,4,14,2,1,2,1,1.0,1
pair_a1,20260923,historical_pooled,cn7,0,73,2,0,1,10,10.0,10
pair_a1,20260923,historical_pooled,rg3,0,71,2,0,1,3,3.0,3
pair_a1,20260923,batch_allocated,cn7,0,15,2,0,1,2,2.0,2
pair_a1,20260923,batch_allocated,cn7,1,15,2,0,1,2,2.0,2
pair_a1,20260923,batch_allocated,cn7,2,15,2,0,1,2,2.0,2
pair_a1,20260923,batch_allocated,cn7,3,14,2,0,2,2,2.0,2
pair_a1,20260923,batch_allocated,cn7,4,14,2,0,2,3,3.0,3
pair_a1,20260923,batch_allocated,rg3,0,15,2,1,1,0,0.5,1
pair_a1,20260923,batch_allocated,rg3,1,14,2,0,2,1,1.0,1
pair_a1,20260923,batch_allocated,rg3,2,14,2,0,2,1,1.0,1
pair_a1,20260923,batch_allocated,rg3,3,14,2,0,2,0,0.0,0
pair_a1,20260923,batch_allocated,rg3,4,14,4,0,2,0,0.0,0
pair_a0,20260923,historical_pooled,cn7,0,73,2,0,1,10,10.0,10
pair_a0,20260923,historical_pooled,rg3,0,71,2,0,1,1,1.0,1
pair_a0,20260923,batch_allocated,cn7,0,15,2,0,1,2,2.0,2
pair_a0,20260923,batch_allocated,cn7,1,15,2,0,1,2,2.0,2
pair_a0,20260923,batch_allocated,cn7,2,15,2,0,1,2,2.0,2
pair_a0,20260923,batch_allocated,cn7,3,14,2,0,2,2,2.0,2
pair_a0,20260923,batch_allocated,cn7,4,14,2,0,2,3,3.0,3
pair_a0,20260923,batch_allocated,rg3,0,15,2,0,1,0,0.0,0
pair_a0,20260923,batch_allocated,rg3,1,14,4,1,2,0,0.5,1
pair_a0,20260923,batch_allocated,rg3,2,14,2,0,2,0,0.0,0
pair_a0,20260923,batch_allocated,rg3,3,14,2,0,2,0,0.0,0
pair_a0,20260923,batch_allocated,rg3,4,14,2,0,2,0,0.0,0
pair_a0.25,20260923,historical_pooled,cn7,0,73,2,0,1,10,10.0,10
pair_a0.25,20260923,historical_pooled,rg3,0,71,6,0,1,2,2.0,2
pair_a0.25,20260923,batch_allocated,cn7,0,15,2,0,1,2,2.0,2
pair_a0.25,20260923,batch_allocated,cn7,1,15,2,0,1,2,2.0,2
pair_a0.25,20260923,batch_allocated,cn7,2,15,2,0,1,2,2.0,2
pair_a0.25,20260923,batch_allocated,cn7,3,14,2,0,2,2,2.0,2
pair_a0.25,20260923,batch_allocated,cn7,4,14,2,0,2,3,3.0,3
pair_a0.25,20260923,batch_allocated,rg3,0,15,2,0,1,1,1.0,1
pair_a0.25,20260923,batch_allocated,rg3,1,14,4,1,2,0,0.5,1
pair_a0.25,20260923,batch_allocated,rg3,2,14,2,1,2,1,1.0,1
pair_a0.25,20260923,batch_allocated,rg3,3,14,4,0,2,0,0.0,0
pair_a0.25,20260923,batch_allocated,rg3,4,14,2,0,2,0,0.0,0
pair_a0.5,20260923,historical_pooled,cn7,0,73,2,0,1,10,10.0,10
pair_a0.5,20260923,historical_pooled,rg3,0,71,2,0,1,2,2.0,2
pair_a0.5,20260923,batch_allocated,cn7,0,15,2,0,1,2,2.0,2
pair_a0.5,20260923,batch_allocated,cn7,1,15,2,0,1,2,2.0,2
pair_a0.5,20260923,batch_allocated,cn7,2,15,2,0,1,2,2.0,2
pair_a0.5,20260923,batch_allocated,cn7,3,14,2,0,2,2,2.0,2
pair_a0.5,20260923,batch_allocated,cn7,4,14,2,0,2,3,3.0,3
pair_a0.5,20260923,batch_allocated,rg3,0,15,2,0,1,1,1.0,1
pair_a0.5,20260923,batch_allocated,rg3,1,14,4,1,2,0,0.5,1
pair_a0.5,20260923,batch_allocated,rg3,2,14,2,0,2,1,1.0,1
pair_a0.5,20260923,batch_allocated,rg3,3,14,2,0,2,0,0.0,0
pair_a0.5,20260923,batch_allocated,rg3,4,14,2,0,2,0,0.0,0
rank_pairwise,20260923,historical_pooled,cn7,0,73,2,0,1,10,10.0,10
rank_pairwise,20260923,historical_pooled,rg3,0,71,6,2,1,2,2.3333333333333335,3
rank_pairwise,20260923,batch_allocated,cn7,0,15,2,0,1,2,2.0,2
rank_pairwise,20260923,batch_allocated,cn7,1,15,2,0,1,2,2.0,2
rank_pairwise,20260923,batch_allocated,cn7,2,15,2,0,1,2,2.0,2
rank_pairwise,20260923,batch_allocated,cn7,3,14,2,0,2,2,2.0,2
rank_pairwise,20260923,batch_allocated,cn7,4,14,2,0,2,3,3.0,3
rank_pairwise,20260923,batch_allocated,rg3,0,15,2,1,1,0,0.5,1
rank_pairwise,20260923,batch_allocated,rg3,1,14,2,0,2,0,0.0,0
rank_pairwise,20260923,batch_allocated,rg3,2,14,2,0,2,1,1.0,1
rank_pairwise,20260923,batch_allocated,rg3,3,14,2,0,2,0,0.0,0
rank_pairwise,20260923,batch_allocated,rg3,4,14,2,0,2,1,1.0,1
rank_ndcg,20260923,historical_pooled,cn7,0,73,2,0,1,10,10.0,10
rank_ndcg,20260923,historical_pooled,rg3,0,71,6,0,1,1,1.0,1
rank_ndcg,20260923,batch_allocated,cn7,0,15,2,0,1,2,2.0,2
rank_ndcg,20260923,batch_allocated,cn7,1,15,2,0,1,2,2.0,2
rank_ndcg,20260923,batch_allocated,cn7,2,15,2,0,1,2,2.0,2
rank_ndcg,20260923,batch_allocated,cn7,3,14,2,0,2,2,2.0,2
rank_ndcg,20260923,batch_allocated,cn7,4,14,2,0,2,3,3.0,3
rank_ndcg,20260923,batch_allocated,rg3,0,15,2,0,1,0,0.0,0
rank_ndcg,20260923,batch_allocated,rg3,1,14,2,0,2,0,0.0,0
rank_ndcg,20260923,batch_allocated,rg3,2,14,2,1,2,1,1.0,1
rank_ndcg,20260923,batch_allocated,rg3,3,14,2,0,2,0,0.0,0
rank_ndcg,20260923,batch_allocated,rg3,4,14,2,0,2,0,0.0,0
mix_pairwise,20260923,historical_pooled,cn7,0,73,2,0,1,10,10.0,10
mix_pairwise,20260923,historical_pooled,rg3,0,71,6,0,1,2,2.0,2
mix_pairwise,20260923,batch_allocated,cn7,0,15,2,0,1,2,2.0,2
mix_pairwise,20260923,batch_allocated,cn7,1,15,2,0,1,2,2.0,2
mix_pairwise,20260923,batch_allocated,cn7,2,15,2,0,1,2,2.0,2
mix_pairwise,20260923,batch_allocated,cn7,3,14,2,0,2,2,2.0,2
mix_pairwise,20260923,batch_allocated,cn7,4,14,2,0,2,3,3.0,3
mix_pairwise,20260923,batch_allocated,rg3,0,15,2,1,1,0,0.5,1
mix_pairwise,20260923,batch_allocated,rg3,1,14,4,0,2,0,0.0,0
mix_pairwise,20260923,batch_allocated,rg3,2,14,2,0,2,1,1.0,1
mix_pairwise,20260923,batch_allocated,rg3,3,14,4,0,4,0,0.0,0
mix_pairwise,20260923,batch_allocated,rg3,4,14,4,0,4,0,0.0,0
mix_ndcg,20260923,historical_pooled,cn7,0,73,2,0,1,10,10.0,10
mix_ndcg,20260923,historical_pooled,rg3,0,71,2,0,1,3,3.0,3
mix_ndcg,20260923,batch_allocated,cn7,0,15,2,0,1,2,2.0,2
mix_ndcg,20260923,batch_allocated,cn7,1,15,2,0,1,2,2.0,2
mix_ndcg,20260923,batch_allocated,cn7,2,15,2,0,1,2,2.0,2
mix_ndcg,20260923,batch_allocated,cn7,3,14,2,0,2,2,2.0,2
mix_ndcg,20260923,batch_allocated,cn7,4,14,2,0,2,3,3.0,3
mix_ndcg,20260923,batch_allocated,rg3,0,15,2,0,1,1,1.0,1
mix_ndcg,20260923,batch_allocated,rg3,1,14,4,1,4,1,1.0,1
mix_ndcg,20260923,batch_allocated,rg3,2,14,2,0,2,2,2.0,2
mix_ndcg,20260923,batch_allocated,rg3,3,14,2,0,2,0,0.0,0
mix_ndcg,20260923,batch_allocated,rg3,4,14,2,0,2,0,0.0,0
cat_row_a1,20260923,historical_pooled,cn7,0,73,2,0,1,10,10.0,10
cat_row_a1,20260923,historical_pooled,rg3,0,71,6,0,1,3,3.0,3
cat_row_a1,20260923,batch_allocated,cn7,0,15,2,0,1,2,2.0,2
cat_row_a1,20260923,batch_allocated,cn7,1,15,2,0,1,2,2.0,2
cat_row_a1,20260923,batch_allocated,cn7,2,15,2,0,1,2,2.0,2
cat_row_a1,20260923,batch_allocated,cn7,3,14,2,0,2,2,2.0,2
cat_row_a1,20260923,batch_allocated,cn7,4,14,2,0,2,3,3.0,3
cat_row_a1,20260923,batch_allocated,rg3,0,15,2,0,1,1,1.0,1
cat_row_a1,20260923,batch_allocated,rg3,1,14,2,1,2,1,1.0,1
cat_row_a1,20260923,batch_allocated,rg3,2,14,2,0,2,1,1.0,1
cat_row_a1,20260923,batch_allocated,rg3,3,14,2,0,2,0,0.0,0
cat_row_a1,20260923,batch_allocated,rg3,4,14,2,0,2,0,0.0,0
cat_event_a1,20260923,historical_pooled,cn7,0,73,2,0,1,10,10.0,10
cat_event_a1,20260923,historical_pooled,rg3,0,71,6,0,1,2,2.0,2
cat_event_a1,20260923,batch_allocated,cn7,0,15,2,0,1,2,2.0,2
cat_event_a1,20260923,batch_allocated,cn7,1,15,2,0,1,2,2.0,2
cat_event_a1,20260923,batch_allocated,cn7,2,15,2,0,1,2,2.0,2
cat_event_a1,20260923,batch_allocated,cn7,3,14,2,0,2,2,2.0,2
cat_event_a1,20260923,batch_allocated,cn7,4,14,2,0,2,3,3.0,3
cat_event_a1,20260923,batch_allocated,rg3,0,15,2,0,1,0,0.0,0
cat_event_a1,20260923,batch_allocated,rg3,1,14,2,0,2,1,1.0,1
cat_event_a1,20260923,batch_allocated,rg3,2,14,2,0,2,1,1.0,1
cat_event_a1,20260923,batch_allocated,rg3,3,14,2,0,2,0,0.0,0
cat_event_a1,20260923,batch_allocated,rg3,4,14,2,0,2,0,0.0,0
cat_row_a0,20260923,historical_pooled,cn7,0,73,2,0,1,10,10.0,10
cat_row_a0,20260923,historical_pooled,rg3,0,71,6,0,1,3,3.0,3
cat_row_a0,20260923,batch_allocated,cn7,0,15,2,0,1,2,2.0,2
cat_row_a0,20260923,batch_allocated,cn7,1,15,2,0,1,2,2.0,2
cat_row_a0,20260923,batch_allocated,cn7,2,15,2,0,1,2,2.0,2
cat_row_a0,20260923,batch_allocated,cn7,3,14,2,0,2,2,2.0,2
cat_row_a0,20260923,batch_allocated,cn7,4,14,2,0,2,3,3.0,3
cat_row_a0,20260923,batch_allocated,rg3,0,15,2,0,1,1,1.0,1
cat_row_a0,20260923,batch_allocated,rg3,1,14,2,1,2,1,1.0,1
cat_row_a0,20260923,batch_allocated,rg3,2,14,2,0,2,1,1.0,1
cat_row_a0,20260923,batch_allocated,rg3,3,14,2,0,2,0,0.0,0
cat_row_a0,20260923,batch_allocated,rg3,4,14,2,0,2,0,0.0,0
cat_event_a0,20260923,historical_pooled,cn7,0,73,2,0,1,10,10.0,10
cat_event_a0,20260923,historical_pooled,rg3,0,71,6,0,1,0,0.0,0
cat_event_a0,20260923,batch_allocated,cn7,0,15,2,0,1,2,2.0,2
cat_event_a0,20260923,batch_allocated,cn7,1,15,2,0,1,2,2.0,2
cat_event_a0,20260923,batch_allocated,cn7,2,15,2,0,1,2,2.0,2
cat_event_a0,20260923,batch_allocated,cn7,3,14,2,0,2,2,2.0,2
cat_event_a0,20260923,batch_allocated,cn7,4,14,2,0,2,3,3.0,3
cat_event_a0,20260923,batch_allocated,rg3,0,15,2,0,1,0,0.0,0
cat_event_a0,20260923,batch_allocated,rg3,1,14,2,0,2,0,0.0,0
cat_event_a0,20260923,batch_allocated,rg3,2,14,2,0,2,0,0.0,0
cat_event_a0,20260923,batch_allocated,rg3,3,14,2,0,2,0,0.0,0
cat_event_a0,20260923,batch_allocated,rg3,4,14,2,0,2,0,0.0,0
cat_row_a0.25,20260923,historical_pooled,cn7,0,73,2,0,1,10,10.0,10
cat_row_a0.25,20260923,historical_pooled,rg3,0,71,6,0,1,2,2.0,2
cat_row_a0.25,20260923,batch_allocated,cn7,0,15,2,0,1,2,2.0,2
cat_row_a0.25,20260923,batch_allocated,cn7,1,15,2,0,1,2,2.0,2
cat_row_a0.25,20260923,batch_allocated,cn7,2,15,2,0,1,2,2.0,2
cat_row_a0.25,20260923,batch_allocated,cn7,3,14,2,0,2,2,2.0,2
cat_row_a0.25,20260923,batch_allocated,cn7,4,14,2,0,2,3,3.0,3
cat_row_a0.25,20260923,batch_allocated,rg3,0,15,2,0,1,1,1.0,1
cat_row_a0.25,20260923,batch_allocated,rg3,1,14,2,0,2,0,0.0,0
cat_row_a0.25,20260923,batch_allocated,rg3,2,14,2,0,2,1,1.0,1
cat_row_a0.25,20260923,batch_allocated,rg3,3,14,2,0,2,0,0.0,0
cat_row_a0.25,20260923,batch_allocated,rg3,4,14,2,0,2,0,0.0,0
cat_event_a0.25,20260923,historical_pooled,cn7,0,73,2,0,1,10,10.0,10
cat_event_a0.25,20260923,historical_pooled,rg3,0,71,6,0,1,1,1.0,1
cat_event_a0.25,20260923,batch_allocated,cn7,0,15,2,0,1,2,2.0,2
cat_event_a0.25,20260923,batch_allocated,cn7,1,15,2,0,1,2,2.0,2
cat_event_a0.25,20260923,batch_allocated,cn7,2,15,2,0,1,2,2.0,2
cat_event_a0.25,20260923,batch_allocated,cn7,3,14,2,0,2,2,2.0,2
cat_event_a0.25,20260923,batch_allocated,cn7,4,14,2,0,2,3,3.0,3
cat_event_a0.25,20260923,batch_allocated,rg3,0,15,2,0,1,1,1.0,1
cat_event_a0.25,20260923,batch_allocated,rg3,1,14,2,0,2,0,0.0,0
cat_event_a0.25,20260923,batch_allocated,rg3,2,14,2,0,2,0,0.0,0
cat_event_a0.25,20260923,batch_allocated,rg3,3,14,2,0,2,0,0.0,0
cat_event_a0.25,20260923,batch_allocated,rg3,4,14,2,0,2,0,0.0,0
cat_row_a0.5,20260923,historical_pooled,cn7,0,73,2,0,1,10,10.0,10
cat_row_a0.5,20260923,historical_pooled,rg3,0,71,6,0,1,4,4.0,4
cat_row_a0.5,20260923,batch_allocated,cn7,0,15,2,0,1,2,2.0,2
cat_row_a0.5,20260923,batch_allocated,cn7,1,15,2,0,1,2,2.0,2
cat_row_a0.5,20260923,batch_allocated,cn7,2,15,2,0,1,2,2.0,2
cat_row_a0.5,20260923,batch_allocated,cn7,3,14,2,0,2,2,2.0,2
cat_row_a0.5,20260923,batch_allocated,cn7,4,14,2,0,2,3,3.0,3
cat_row_a0.5,20260923,batch_allocated,rg3,0,15,2,0,1,1,1.0,1
cat_row_a0.5,20260923,batch_allocated,rg3,1,14,2,0,2,1,1.0,1
cat_row_a0.5,20260923,batch_allocated,rg3,2,14,2,0,2,1,1.0,1
cat_row_a0.5,20260923,batch_allocated,rg3,3,14,2,1,2,1,1.0,1
cat_row_a0.5,20260923,batch_allocated,rg3,4,14,2,0,2,0,0.0,0
cat_event_a0.5,20260923,historical_pooled,cn7,0,73,2,0,1,10,10.0,10
cat_event_a0.5,20260923,historical_pooled,rg3,0,71,6,0,1,3,3.0,3
cat_event_a0.5,20260923,batch_allocated,cn7,0,15,2,0,1,2,2.0,2
cat_event_a0.5,20260923,batch_allocated,cn7,1,15,2,0,1,2,2.0,2
cat_event_a0.5,20260923,batch_allocated,cn7,2,15,2,0,1,2,2.0,2
cat_event_a0.5,20260923,batch_allocated,cn7,3,14,2,0,2,2,2.0,2
cat_event_a0.5,20260923,batch_allocated,cn7,4,14,2,0,2,3,3.0,3
cat_event_a0.5,20260923,batch_allocated,rg3,0,15,2,0,1,1,1.0,1
cat_event_a0.5,20260923,batch_allocated,rg3,1,14,2,0,2,0,0.0,0
cat_event_a0.5,20260923,batch_allocated,rg3,2,14,2,1,2,2,2.0,2
cat_event_a0.5,20260923,batch_allocated,rg3,3,14,2,0,2,0,0.0,0
cat_event_a0.5,20260923,batch_allocated,rg3,4,14,2,0,2,0,0.0,0
nested_selected,20260923,historical_pooled,cn7,0,73,2,0,1,10,10.0,10
nested_selected,20260923,historical_pooled,rg3,0,71,4,0,3,1,1.0,1
nested_selected,20260923,batch_allocated,cn7,0,15,2,0,1,2,2.0,2
nested_selected,20260923,batch_allocated,cn7,1,15,2,0,1,2,2.0,2
nested_selected,20260923,batch_allocated,cn7,2,15,2,0,1,2,2.0,2
nested_selected,20260923,batch_allocated,cn7,3,14,2,0,2,2,2.0,2
nested_selected,20260923,batch_allocated,cn7,4,14,2,0,2,3,3.0,3
nested_selected,20260923,batch_allocated,rg3,0,15,2,0,1,0,0.0,0
nested_selected,20260923,batch_allocated,rg3,1,14,4,0,2,0,0.0,0
nested_selected,20260923,batch_allocated,rg3,2,14,2,0,2,1,1.0,1
nested_selected,20260923,batch_allocated,rg3,3,14,2,0,2,0,0.0,0
nested_selected,20260923,batch_allocated,rg3,4,14,4,0,2,0,0.0,0
pair_a1,20260924,historical_pooled,cn7,0,73,2,0,1,10,10.0,10
pair_a1,20260924,historical_pooled,rg3,0,71,2,0,1,2,2.0,2
pair_a1,20260924,batch_allocated,cn7,0,15,2,0,1,2,2.0,2
pair_a1,20260924,batch_allocated,cn7,1,15,2,0,1,2,2.0,2
pair_a1,20260924,batch_allocated,cn7,2,15,2,0,1,2,2.0,2
pair_a1,20260924,batch_allocated,cn7,3,14,2,0,2,2,2.0,2
pair_a1,20260924,batch_allocated,cn7,4,14,2,0,2,3,3.0,3
pair_a1,20260924,batch_allocated,rg3,0,15,2,0,1,1,1.0,1
pair_a1,20260924,batch_allocated,rg3,1,14,4,0,4,0,0.0,0
pair_a1,20260924,batch_allocated,rg3,2,14,2,0,2,1,1.0,1
pair_a1,20260924,batch_allocated,rg3,3,14,2,0,2,0,0.0,0
pair_a1,20260924,batch_allocated,rg3,4,14,2,0,2,0,0.0,0
pair_a0,20260924,historical_pooled,cn7,0,73,2,0,1,10,10.0,10
pair_a0,20260924,historical_pooled,rg3,0,71,2,0,1,1,1.0,1
pair_a0,20260924,batch_allocated,cn7,0,15,2,0,1,2,2.0,2
pair_a0,20260924,batch_allocated,cn7,1,15,2,0,1,2,2.0,2
pair_a0,20260924,batch_allocated,cn7,2,15,2,0,1,2,2.0,2
pair_a0,20260924,batch_allocated,cn7,3,14,2,0,2,2,2.0,2
pair_a0,20260924,batch_allocated,cn7,4,14,2,0,2,3,3.0,3
pair_a0,20260924,batch_allocated,rg3,0,15,2,0,1,0,0.0,0
pair_a0,20260924,batch_allocated,rg3,1,14,2,0,2,0,0.0,0
pair_a0,20260924,batch_allocated,rg3,2,14,4,0,2,0,0.0,0
pair_a0,20260924,batch_allocated,rg3,3,14,2,0,2,0,0.0,0
pair_a0,20260924,batch_allocated,rg3,4,14,4,0,4,0,0.0,0
pair_a0.25,20260924,historical_pooled,cn7,0,73,2,0,1,10,10.0,10
pair_a0.25,20260924,historical_pooled,rg3,0,71,2,0,1,2,2.0,2
pair_a0.25,20260924,batch_allocated,cn7,0,15,2,0,1,2,2.0,2
pair_a0.25,20260924,batch_allocated,cn7,1,15,2,0,1,2,2.0,2
pair_a0.25,20260924,batch_allocated,cn7,2,15,2,0,1,2,2.0,2
pair_a0.25,20260924,batch_allocated,cn7,3,14,2,0,2,2,2.0,2
pair_a0.25,20260924,batch_allocated,cn7,4,14,2,0,2,3,3.0,3
pair_a0.25,20260924,batch_allocated,rg3,0,15,6,0,5,1,1.0,1
pair_a0.25,20260924,batch_allocated,rg3,1,14,2,1,2,1,1.0,1
pair_a0.25,20260924,batch_allocated,rg3,2,14,2,0,2,0,0.0,0
pair_a0.25,20260924,batch_allocated,rg3,3,14,2,0,2,0,0.0,0
pair_a0.25,20260924,batch_allocated,rg3,4,14,2,0,2,0,0.0,0
pair_a0.5,20260924,historical_pooled,cn7,0,73,2,0,1,10,10.0,10
pair_a0.5,20260924,historical_pooled,rg3,0,71,8,0,1,3,3.0,3
pair_a0.5,20260924,batch_allocated,cn7,0,15,2,0,1,2,2.0,2
pair_a0.5,20260924,batch_allocated,cn7,1,15,2,0,1,2,2.0,2
pair_a0.5,20260924,batch_allocated,cn7,2,15,2,0,1,2,2.0,2
pair_a0.5,20260924,batch_allocated,cn7,3,14,2,0,2,2,2.0,2
pair_a0.5,20260924,batch_allocated,cn7,4,14,2,0,2,3,3.0,3
pair_a0.5,20260924,batch_allocated,rg3,0,15,2,0,1,1,1.0,1
pair_a0.5,20260924,batch_allocated,rg3,1,14,2,0,2,0,0.0,0
pair_a0.5,20260924,batch_allocated,rg3,2,14,4,1,4,1,1.0,1
pair_a0.5,20260924,batch_allocated,rg3,3,14,2,0,2,0,0.0,0
pair_a0.5,20260924,batch_allocated,rg3,4,14,4,0,2,0,0.0,0
rank_pairwise,20260924,historical_pooled,cn7,0,73,2,0,1,10,10.0,10
rank_pairwise,20260924,historical_pooled,rg3,0,71,6,2,1,2,2.3333333333333335,3
rank_pairwise,20260924,batch_allocated,cn7,0,15,2,0,1,2,2.0,2
rank_pairwise,20260924,batch_allocated,cn7,1,15,2,0,1,2,2.0,2
rank_pairwise,20260924,batch_allocated,cn7,2,15,2,0,1,2,2.0,2
rank_pairwise,20260924,batch_allocated,cn7,3,14,2,0,2,2,2.0,2
rank_pairwise,20260924,batch_allocated,cn7,4,14,2,0,2,3,3.0,3
rank_pairwise,20260924,batch_allocated,rg3,0,15,2,1,1,0,0.5,1
rank_pairwise,20260924,batch_allocated,rg3,1,14,2,0,2,0,0.0,0
rank_pairwise,20260924,batch_allocated,rg3,2,14,2,0,2,1,1.0,1
rank_pairwise,20260924,batch_allocated,rg3,3,14,2,0,2,0,0.0,0
rank_pairwise,20260924,batch_allocated,rg3,4,14,2,0,2,1,1.0,1
rank_ndcg,20260924,historical_pooled,cn7,0,73,2,0,1,10,10.0,10
rank_ndcg,20260924,historical_pooled,rg3,0,71,6,0,1,1,1.0,1
rank_ndcg,20260924,batch_allocated,cn7,0,15,2,0,1,2,2.0,2
rank_ndcg,20260924,batch_allocated,cn7,1,15,2,0,1,2,2.0,2
rank_ndcg,20260924,batch_allocated,cn7,2,15,2,0,1,2,2.0,2
rank_ndcg,20260924,batch_allocated,cn7,3,14,2,0,2,2,2.0,2
rank_ndcg,20260924,batch_allocated,cn7,4,14,2,0,2,3,3.0,3
rank_ndcg,20260924,batch_allocated,rg3,0,15,2,0,1,0,0.0,0
rank_ndcg,20260924,batch_allocated,rg3,1,14,2,0,2,0,0.0,0
rank_ndcg,20260924,batch_allocated,rg3,2,14,2,1,2,1,1.0,1
rank_ndcg,20260924,batch_allocated,rg3,3,14,2,0,2,0,0.0,0
rank_ndcg,20260924,batch_allocated,rg3,4,14,2,0,2,0,0.0,0
mix_pairwise,20260924,historical_pooled,cn7,0,73,2,0,1,10,10.0,10
mix_pairwise,20260924,historical_pooled,rg3,0,71,2,0,1,2,2.0,2
mix_pairwise,20260924,batch_allocated,cn7,0,15,2,0,1,2,2.0,2
mix_pairwise,20260924,batch_allocated,cn7,1,15,2,0,1,2,2.0,2
mix_pairwise,20260924,batch_allocated,cn7,2,15,2,0,1,2,2.0,2
mix_pairwise,20260924,batch_allocated,cn7,3,14,2,0,2,2,2.0,2
mix_pairwise,20260924,batch_allocated,cn7,4,14,2,0,2,3,3.0,3
mix_pairwise,20260924,batch_allocated,rg3,0,15,2,1,1,0,0.5,1
mix_pairwise,20260924,batch_allocated,rg3,1,14,2,0,2,0,0.0,0
mix_pairwise,20260924,batch_allocated,rg3,2,14,2,0,2,1,1.0,1
mix_pairwise,20260924,batch_allocated,rg3,3,14,2,0,2,0,0.0,0
mix_pairwise,20260924,batch_allocated,rg3,4,14,2,0,2,0,0.0,0
mix_ndcg,20260924,historical_pooled,cn7,0,73,2,0,1,10,10.0,10
mix_ndcg,20260924,historical_pooled,rg3,0,71,2,0,1,3,3.0,3
mix_ndcg,20260924,batch_allocated,cn7,0,15,2,0,1,2,2.0,2
mix_ndcg,20260924,batch_allocated,cn7,1,15,2,0,1,2,2.0,2
mix_ndcg,20260924,batch_allocated,cn7,2,15,2,0,1,2,2.0,2
mix_ndcg,20260924,batch_allocated,cn7,3,14,2,0,2,2,2.0,2
mix_ndcg,20260924,batch_allocated,cn7,4,14,2,0,2,3,3.0,3
mix_ndcg,20260924,batch_allocated,rg3,0,15,2,0,1,1,1.0,1
mix_ndcg,20260924,batch_allocated,rg3,1,14,2,0,2,0,0.0,0
mix_ndcg,20260924,batch_allocated,rg3,2,14,2,0,2,2,2.0,2
mix_ndcg,20260924,batch_allocated,rg3,3,14,2,0,2,0,0.0,0
mix_ndcg,20260924,batch_allocated,rg3,4,14,4,0,2,0,0.0,0
cat_row_a1,20260924,historical_pooled,cn7,0,73,2,0,1,10,10.0,10
cat_row_a1,20260924,historical_pooled,rg3,0,71,6,0,1,3,3.0,3
cat_row_a1,20260924,batch_allocated,cn7,0,15,2,0,1,2,2.0,2
cat_row_a1,20260924,batch_allocated,cn7,1,15,2,0,1,2,2.0,2
cat_row_a1,20260924,batch_allocated,cn7,2,15,2,0,1,2,2.0,2
cat_row_a1,20260924,batch_allocated,cn7,3,14,2,0,2,2,2.0,2
cat_row_a1,20260924,batch_allocated,cn7,4,14,2,0,2,3,3.0,3
cat_row_a1,20260924,batch_allocated,rg3,0,15,2,0,1,1,1.0,1
cat_row_a1,20260924,batch_allocated,rg3,1,14,2,0,2,1,1.0,1
cat_row_a1,20260924,batch_allocated,rg3,2,14,2,0,2,1,1.0,1
cat_row_a1,20260924,batch_allocated,rg3,3,14,2,0,2,0,0.0,0
cat_row_a1,20260924,batch_allocated,rg3,4,14,2,0,2,0,0.0,0
cat_event_a1,20260924,historical_pooled,cn7,0,73,2,0,1,10,10.0,10
cat_event_a1,20260924,historical_pooled,rg3,0,71,6,1,1,1,1.1666666666666667,2
cat_event_a1,20260924,batch_allocated,cn7,0,15,2,0,1,2,2.0,2
cat_event_a1,20260924,batch_allocated,cn7,1,15,2,0,1,2,2.0,2
cat_event_a1,20260924,batch_allocated,cn7,2,15,2,0,1,2,2.0,2
cat_event_a1,20260924,batch_allocated,cn7,3,14,2,0,2,2,2.0,2
cat_event_a1,20260924,batch_allocated,cn7,4,14,2,0,2,3,3.0,3
cat_event_a1,20260924,batch_allocated,rg3,0,15,2,1,1,0,0.5,1
cat_event_a1,20260924,batch_allocated,rg3,1,14,2,0,2,0,0.0,0
cat_event_a1,20260924,batch_allocated,rg3,2,14,2,0,2,1,1.0,1
cat_event_a1,20260924,batch_allocated,rg3,3,14,2,0,2,0,0.0,0
cat_event_a1,20260924,batch_allocated,rg3,4,14,2,0,2,0,0.0,0
cat_row_a0,20260924,historical_pooled,cn7,0,73,2,0,1,10,10.0,10
cat_row_a0,20260924,historical_pooled,rg3,0,71,6,0,1,1,1.0,1
cat_row_a0,20260924,batch_allocated,cn7,0,15,2,0,1,2,2.0,2
cat_row_a0,20260924,batch_allocated,cn7,1,15,2,0,1,2,2.0,2
cat_row_a0,20260924,batch_allocated,cn7,2,15,2,0,1,2,2.0,2
cat_row_a0,20260924,batch_allocated,cn7,3,14,2,0,2,2,2.0,2
cat_row_a0,20260924,batch_allocated,cn7,4,14,2,0,2,3,3.0,3
cat_row_a0,20260924,batch_allocated,rg3,0,15,2,0,1,0,0.0,0
cat_row_a0,20260924,batch_allocated,rg3,1,14,2,1,2,1,1.0,1
cat_row_a0,20260924,batch_allocated,rg3,2,14,2,0,2,0,0.0,0
cat_row_a0,20260924,batch_allocated,rg3,3,14,2,0,2,0,0.0,0
cat_row_a0,20260924,batch_allocated,rg3,4,14,2,0,2,0,0.0,0
cat_event_a0,20260924,historical_pooled,cn7,0,73,2,0,1,10,10.0,10
cat_event_a0,20260924,historical_pooled,rg3,0,71,6,0,1,1,1.0,1
cat_event_a0,20260924,batch_allocated,cn7,0,15,2,0,1,2,2.0,2
cat_event_a0,20260924,batch_allocated,cn7,1,15,2,0,1,2,2.0,2
cat_event_a0,20260924,batch_allocated,cn7,2,15,2,0,1,2,2.0,2
cat_event_a0,20260924,batch_allocated,cn7,3,14,2,0,2,2,2.0,2
cat_event_a0,20260924,batch_allocated,cn7,4,14,2,0,2,3,3.0,3
cat_event_a0,20260924,batch_allocated,rg3,0,15,2,0,1,0,0.0,0
cat_event_a0,20260924,batch_allocated,rg3,1,14,2,1,2,1,1.0,1
cat_event_a0,20260924,batch_allocated,rg3,2,14,2,0,2,0,0.0,0
cat_event_a0,20260924,batch_allocated,rg3,3,14,2,0,2,0,0.0,0
cat_event_a0,20260924,batch_allocated,rg3,4,14,2,0,2,0,0.0,0
cat_row_a0.25,20260924,historical_pooled,cn7,0,73,2,0,1,10,10.0,10
cat_row_a0.25,20260924,historical_pooled,rg3,0,71,6,1,1,2,2.1666666666666665,3
cat_row_a0.25,20260924,batch_allocated,cn7,0,15,2,0,1,2,2.0,2
cat_row_a0.25,20260924,batch_allocated,cn7,1,15,2,0,1,2,2.0,2
cat_row_a0.25,20260924,batch_allocated,cn7,2,15,2,0,1,2,2.0,2
cat_row_a0.25,20260924,batch_allocated,cn7,3,14,2,0,2,2,2.0,2
cat_row_a0.25,20260924,batch_allocated,cn7,4,14,2,0,2,3,3.0,3
cat_row_a0.25,20260924,batch_allocated,rg3,0,15,2,0,1,1,1.0,1
cat_row_a0.25,20260924,batch_allocated,rg3,1,14,2,0,2,1,1.0,1
cat_row_a0.25,20260924,batch_allocated,rg3,2,14,2,0,2,0,0.0,0
cat_row_a0.25,20260924,batch_allocated,rg3,3,14,2,0,2,0,0.0,0
cat_row_a0.25,20260924,batch_allocated,rg3,4,14,2,0,2,0,0.0,0
cat_event_a0.25,20260924,historical_pooled,cn7,0,73,2,0,1,10,10.0,10
cat_event_a0.25,20260924,historical_pooled,rg3,0,71,6,0,1,1,1.0,1
cat_event_a0.25,20260924,batch_allocated,cn7,0,15,2,0,1,2,2.0,2
cat_event_a0.25,20260924,batch_allocated,cn7,1,15,2,0,1,2,2.0,2
cat_event_a0.25,20260924,batch_allocated,cn7,2,15,2,0,1,2,2.0,2
cat_event_a0.25,20260924,batch_allocated,cn7,3,14,2,0,2,2,2.0,2
cat_event_a0.25,20260924,batch_allocated,cn7,4,14,2,0,2,3,3.0,3
cat_event_a0.25,20260924,batch_allocated,rg3,0,15,2,0,1,1,1.0,1
cat_event_a0.25,20260924,batch_allocated,rg3,1,14,2,0,2,0,0.0,0
cat_event_a0.25,20260924,batch_allocated,rg3,2,14,2,0,2,0,0.0,0
cat_event_a0.25,20260924,batch_allocated,rg3,3,14,2,0,2,0,0.0,0
cat_event_a0.25,20260924,batch_allocated,rg3,4,14,2,0,2,0,0.0,0
cat_row_a0.5,20260924,historical_pooled,cn7,0,73,2,0,1,10,10.0,10
cat_row_a0.5,20260924,historical_pooled,rg3,0,71,6,0,1,4,4.0,4
cat_row_a0.5,20260924,batch_allocated,cn7,0,15,2,0,1,2,2.0,2
cat_row_a0.5,20260924,batch_allocated,cn7,1,15,2,0,1,2,2.0,2
cat_row_a0.5,20260924,batch_allocated,cn7,2,15,2,0,1,2,2.0,2
cat_row_a0.5,20260924,batch_allocated,cn7,3,14,2,0,2,2,2.0,2
cat_row_a0.5,20260924,batch_allocated,cn7,4,14,2,0,2,3,3.0,3
cat_row_a0.5,20260924,batch_allocated,rg3,0,15,2,0,1,1,1.0,1
cat_row_a0.5,20260924,batch_allocated,rg3,1,14,2,1,2,1,1.0,1
cat_row_a0.5,20260924,batch_allocated,rg3,2,14,2,0,2,1,1.0,1
cat_row_a0.5,20260924,batch_allocated,rg3,3,14,2,1,2,1,1.0,1
cat_row_a0.5,20260924,batch_allocated,rg3,4,14,2,0,2,0,0.0,0
cat_event_a0.5,20260924,historical_pooled,cn7,0,73,2,0,1,10,10.0,10
cat_event_a0.5,20260924,historical_pooled,rg3,0,71,6,0,1,2,2.0,2
cat_event_a0.5,20260924,batch_allocated,cn7,0,15,2,0,1,2,2.0,2
cat_event_a0.5,20260924,batch_allocated,cn7,1,15,2,0,1,2,2.0,2
cat_event_a0.5,20260924,batch_allocated,cn7,2,15,2,0,1,2,2.0,2
cat_event_a0.5,20260924,batch_allocated,cn7,3,14,2,0,2,2,2.0,2
cat_event_a0.5,20260924,batch_allocated,cn7,4,14,2,0,2,3,3.0,3
cat_event_a0.5,20260924,batch_allocated,rg3,0,15,2,0,1,1,1.0,1
cat_event_a0.5,20260924,batch_allocated,rg3,1,14,2,0,2,0,0.0,0
cat_event_a0.5,20260924,batch_allocated,rg3,2,14,2,0,2,0,0.0,0
cat_event_a0.5,20260924,batch_allocated,rg3,3,14,2,0,2,0,0.0,0
cat_event_a0.5,20260924,batch_allocated,rg3,4,14,2,0,2,1,1.0,1
nested_selected,20260924,historical_pooled,cn7,0,73,2,0,1,10,10.0,10
nested_selected,20260924,historical_pooled,rg3,0,71,2,0,1,1,1.0,1
nested_selected,20260924,batch_allocated,cn7,0,15,2,0,1,2,2.0,2
nested_selected,20260924,batch_allocated,cn7,1,15,2,0,1,2,2.0,2
nested_selected,20260924,batch_allocated,cn7,2,15,2,0,1,2,2.0,2
nested_selected,20260924,batch_allocated,cn7,3,14,2,0,2,2,2.0,2
nested_selected,20260924,batch_allocated,cn7,4,14,2,0,2,3,3.0,3
nested_selected,20260924,batch_allocated,rg3,0,15,2,0,1,0,0.0,0
nested_selected,20260924,batch_allocated,rg3,1,14,2,0,2,0,0.0,0
nested_selected,20260924,batch_allocated,rg3,2,14,2,0,2,1,1.0,1
nested_selected,20260924,batch_allocated,rg3,3,14,2,0,2,0,0.0,0
nested_selected,20260924,batch_allocated,rg3,4,14,2,0,2,0,0.0,0
pair_a1,ensemble,historical_pooled,cn7,0,73,2,0,1,10,10.0,10
pair_a1,ensemble,historical_pooled,rg3,0,71,2,0,1,2,2.0,2
pair_a1,ensemble,batch_allocated,cn7,0,15,2,0,1,2,2.0,2
pair_a1,ensemble,batch_allocated,cn7,1,15,2,0,1,2,2.0,2
pair_a1,ensemble,batch_allocated,cn7,2,15,2,0,1,2,2.0,2
pair_a1,ensemble,batch_allocated,cn7,3,14,2,0,2,2,2.0,2
pair_a1,ensemble,batch_allocated,cn7,4,14,2,0,2,3,3.0,3
pair_a1,ensemble,batch_allocated,rg3,0,15,2,0,1,1,1.0,1
pair_a1,ensemble,batch_allocated,rg3,1,14,2,1,2,1,1.0,1
pair_a1,ensemble,batch_allocated,rg3,2,14,2,0,2,1,1.0,1
pair_a1,ensemble,batch_allocated,rg3,3,14,2,0,2,0,0.0,0
pair_a1,ensemble,batch_allocated,rg3,4,14,2,0,2,0,0.0,0
pair_a0,ensemble,historical_pooled,cn7,0,73,2,0,1,10,10.0,10
pair_a0,ensemble,historical_pooled,rg3,0,71,4,0,3,1,1.0,1
pair_a0,ensemble,batch_allocated,cn7,0,15,2,0,1,2,2.0,2
pair_a0,ensemble,batch_allocated,cn7,1,15,2,0,1,2,2.0,2
pair_a0,ensemble,batch_allocated,cn7,2,15,2,0,1,2,2.0,2
pair_a0,ensemble,batch_allocated,cn7,3,14,2,0,2,2,2.0,2
pair_a0,ensemble,batch_allocated,cn7,4,14,2,0,2,3,3.0,3
pair_a0,ensemble,batch_allocated,rg3,0,15,2,0,1,0,0.0,0
pair_a0,ensemble,batch_allocated,rg3,1,14,2,1,2,1,1.0,1
pair_a0,ensemble,batch_allocated,rg3,2,14,2,0,2,0,0.0,0
pair_a0,ensemble,batch_allocated,rg3,3,14,2,0,2,0,0.0,0
pair_a0,ensemble,batch_allocated,rg3,4,14,2,0,2,0,0.0,0
pair_a0.25,ensemble,historical_pooled,cn7,0,73,2,0,1,10,10.0,10
pair_a0.25,ensemble,historical_pooled,rg3,0,71,2,0,1,2,2.0,2
pair_a0.25,ensemble,batch_allocated,cn7,0,15,2,0,1,2,2.0,2
pair_a0.25,ensemble,batch_allocated,cn7,1,15,2,0,1,2,2.0,2
pair_a0.25,ensemble,batch_allocated,cn7,2,15,2,0,1,2,2.0,2
pair_a0.25,ensemble,batch_allocated,cn7,3,14,2,0,2,2,2.0,2
pair_a0.25,ensemble,batch_allocated,cn7,4,14,2,0,2,3,3.0,3
pair_a0.25,ensemble,batch_allocated,rg3,0,15,2,0,1,1,1.0,1
pair_a0.25,ensemble,batch_allocated,rg3,1,14,2,0,2,0,0.0,0
pair_a0.25,ensemble,batch_allocated,rg3,2,14,2,0,2,0,0.0,0
pair_a0.25,ensemble,batch_allocated,rg3,3,14,2,0,2,0,0.0,0
pair_a0.25,ensemble,batch_allocated,rg3,4,14,2,0,2,0,0.0,0
pair_a0.5,ensemble,historical_pooled,cn7,0,73,2,0,1,10,10.0,10
pair_a0.5,ensemble,historical_pooled,rg3,0,71,4,0,1,3,3.0,3
pair_a0.5,ensemble,batch_allocated,cn7,0,15,2,0,1,2,2.0,2
pair_a0.5,ensemble,batch_allocated,cn7,1,15,2,0,1,2,2.0,2
pair_a0.5,ensemble,batch_allocated,cn7,2,15,2,0,1,2,2.0,2
pair_a0.5,ensemble,batch_allocated,cn7,3,14,2,0,2,2,2.0,2
pair_a0.5,ensemble,batch_allocated,cn7,4,14,2,0,2,3,3.0,3
pair_a0.5,ensemble,batch_allocated,rg3,0,15,2,0,1,1,1.0,1
pair_a0.5,ensemble,batch_allocated,rg3,1,14,2,1,2,1,1.0,1
pair_a0.5,ensemble,batch_allocated,rg3,2,14,2,0,2,1,1.0,1
pair_a0.5,ensemble,batch_allocated,rg3,3,14,2,0,2,0,0.0,0
pair_a0.5,ensemble,batch_allocated,rg3,4,14,2,0,2,0,0.0,0
rank_pairwise,ensemble,historical_pooled,cn7,0,73,2,0,1,10,10.0,10
rank_pairwise,ensemble,historical_pooled,rg3,0,71,6,2,1,2,2.3333333333333335,3
rank_pairwise,ensemble,batch_allocated,cn7,0,15,2,0,1,2,2.0,2
rank_pairwise,ensemble,batch_allocated,cn7,1,15,2,0,1,2,2.0,2
rank_pairwise,ensemble,batch_allocated,cn7,2,15,2,0,1,2,2.0,2
rank_pairwise,ensemble,batch_allocated,cn7,3,14,2,0,2,2,2.0,2
rank_pairwise,ensemble,batch_allocated,cn7,4,14,2,0,2,3,3.0,3
rank_pairwise,ensemble,batch_allocated,rg3,0,15,2,1,1,0,0.5,1
rank_pairwise,ensemble,batch_allocated,rg3,1,14,2,0,2,0,0.0,0
rank_pairwise,ensemble,batch_allocated,rg3,2,14,2,0,2,1,1.0,1
rank_pairwise,ensemble,batch_allocated,rg3,3,14,2,0,2,0,0.0,0
rank_pairwise,ensemble,batch_allocated,rg3,4,14,2,0,2,1,1.0,1
rank_ndcg,ensemble,historical_pooled,cn7,0,73,2,0,1,10,10.0,10
rank_ndcg,ensemble,historical_pooled,rg3,0,71,6,0,1,1,1.0,1
rank_ndcg,ensemble,batch_allocated,cn7,0,15,2,0,1,2,2.0,2
rank_ndcg,ensemble,batch_allocated,cn7,1,15,2,0,1,2,2.0,2
rank_ndcg,ensemble,batch_allocated,cn7,2,15,2,0,1,2,2.0,2
rank_ndcg,ensemble,batch_allocated,cn7,3,14,2,0,2,2,2.0,2
rank_ndcg,ensemble,batch_allocated,cn7,4,14,2,0,2,3,3.0,3
rank_ndcg,ensemble,batch_allocated,rg3,0,15,2,0,1,0,0.0,0
rank_ndcg,ensemble,batch_allocated,rg3,1,14,2,0,2,0,0.0,0
rank_ndcg,ensemble,batch_allocated,rg3,2,14,2,1,2,1,1.0,1
rank_ndcg,ensemble,batch_allocated,rg3,3,14,2,0,2,0,0.0,0
rank_ndcg,ensemble,batch_allocated,rg3,4,14,2,0,2,0,0.0,0
mix_pairwise,ensemble,historical_pooled,cn7,0,73,2,0,1,10,10.0,10
mix_pairwise,ensemble,historical_pooled,rg3,0,71,4,0,3,2,2.0,2
mix_pairwise,ensemble,batch_allocated,cn7,0,15,2,0,1,2,2.0,2
mix_pairwise,ensemble,batch_allocated,cn7,1,15,2,0,1,2,2.0,2
mix_pairwise,ensemble,batch_allocated,cn7,2,15,2,0,1,2,2.0,2
mix_pairwise,ensemble,batch_allocated,cn7,3,14,2,0,2,2,2.0,2
mix_pairwise,ensemble,batch_allocated,cn7,4,14,2,0,2,3,3.0,3
mix_pairwise,ensemble,batch_allocated,rg3,0,15,2,1,1,0,0.5,1
mix_pairwise,ensemble,batch_allocated,rg3,1,14,2,0,2,0,0.0,0
mix_pairwise,ensemble,batch_allocated,rg3,2,14,2,0,2,1,1.0,1
mix_pairwise,ensemble,batch_allocated,rg3,3,14,2,0,2,0,0.0,0
mix_pairwise,ensemble,batch_allocated,rg3,4,14,2,0,2,0,0.0,0
mix_ndcg,ensemble,historical_pooled,cn7,0,73,2,0,1,10,10.0,10
mix_ndcg,ensemble,historical_pooled,rg3,0,71,2,0,1,3,3.0,3
mix_ndcg,ensemble,batch_allocated,cn7,0,15,2,0,1,2,2.0,2
mix_ndcg,ensemble,batch_allocated,cn7,1,15,2,0,1,2,2.0,2
mix_ndcg,ensemble,batch_allocated,cn7,2,15,2,0,1,2,2.0,2
mix_ndcg,ensemble,batch_allocated,cn7,3,14,2,0,2,2,2.0,2
mix_ndcg,ensemble,batch_allocated,cn7,4,14,2,0,2,3,3.0,3
mix_ndcg,ensemble,batch_allocated,rg3,0,15,2,0,1,1,1.0,1
mix_ndcg,ensemble,batch_allocated,rg3,1,14,2,0,2,0,0.0,0
mix_ndcg,ensemble,batch_allocated,rg3,2,14,2,0,2,2,2.0,2
mix_ndcg,ensemble,batch_allocated,rg3,3,14,2,0,2,0,0.0,0
mix_ndcg,ensemble,batch_allocated,rg3,4,14,2,0,2,0,0.0,0
cat_row_a1,ensemble,historical_pooled,cn7,0,73,2,0,1,10,10.0,10
cat_row_a1,ensemble,historical_pooled,rg3,0,71,2,0,1,3,3.0,3
cat_row_a1,ensemble,batch_allocated,cn7,0,15,2,0,1,2,2.0,2
cat_row_a1,ensemble,batch_allocated,cn7,1,15,2,0,1,2,2.0,2
cat_row_a1,ensemble,batch_allocated,cn7,2,15,2,0,1,2,2.0,2
cat_row_a1,ensemble,batch_allocated,cn7,3,14,2,0,2,2,2.0,2
cat_row_a1,ensemble,batch_allocated,cn7,4,14,2,0,2,3,3.0,3
cat_row_a1,ensemble,batch_allocated,rg3,0,15,2,0,1,1,1.0,1
cat_row_a1,ensemble,batch_allocated,rg3,1,14,2,0,2,1,1.0,1
cat_row_a1,ensemble,batch_allocated,rg3,2,14,2,0,2,1,1.0,1
cat_row_a1,ensemble,batch_allocated,rg3,3,14,2,0,2,0,0.0,0
cat_row_a1,ensemble,batch_allocated,rg3,4,14,2,0,2,0,0.0,0
cat_event_a1,ensemble,historical_pooled,cn7,0,73,2,0,1,10,10.0,10
cat_event_a1,ensemble,historical_pooled,rg3,0,71,6,1,5,1,1.8333333333333335,2
cat_event_a1,ensemble,batch_allocated,cn7,0,15,2,0,1,2,2.0,2
cat_event_a1,ensemble,batch_allocated,cn7,1,15,2,0,1,2,2.0,2
cat_event_a1,ensemble,batch_allocated,cn7,2,15,2,0,1,2,2.0,2
cat_event_a1,ensemble,batch_allocated,cn7,3,14,2,0,2,2,2.0,2
cat_event_a1,ensemble,batch_allocated,cn7,4,14,2,0,2,3,3.0,3
cat_event_a1,ensemble,batch_allocated,rg3,0,15,2,0,1,0,0.0,0
cat_event_a1,ensemble,batch_allocated,rg3,1,14,2,0,2,0,0.0,0
cat_event_a1,ensemble,batch_allocated,rg3,2,14,2,0,2,1,1.0,1
cat_event_a1,ensemble,batch_allocated,rg3,3,14,4,0,2,0,0.0,0
cat_event_a1,ensemble,batch_allocated,rg3,4,14,2,0,2,0,0.0,0
cat_row_a0,ensemble,historical_pooled,cn7,0,73,2,0,1,10,10.0,10
cat_row_a0,ensemble,historical_pooled,rg3,0,71,2,0,1,1,1.0,1
cat_row_a0,ensemble,batch_allocated,cn7,0,15,2,0,1,2,2.0,2
cat_row_a0,ensemble,batch_allocated,cn7,1,15,2,0,1,2,2.0,2
cat_row_a0,ensemble,batch_allocated,cn7,2,15,2,0,1,2,2.0,2
cat_row_a0,ensemble,batch_allocated,cn7,3,14,2,0,2,2,2.0,2
cat_row_a0,ensemble,batch_allocated,cn7,4,14,2,0,2,3,3.0,3
cat_row_a0,ensemble,batch_allocated,rg3,0,15,4,1,1,0,0.25,1
cat_row_a0,ensemble,batch_allocated,rg3,1,14,2,0,2,1,1.0,1
cat_row_a0,ensemble,batch_allocated,rg3,2,14,4,0,4,0,0.0,0
cat_row_a0,ensemble,batch_allocated,rg3,3,14,2,0,2,0,0.0,0
cat_row_a0,ensemble,batch_allocated,rg3,4,14,2,0,2,0,0.0,0
cat_event_a0,ensemble,historical_pooled,cn7,0,73,2,0,1,10,10.0,10
cat_event_a0,ensemble,historical_pooled,rg3,0,71,6,0,1,0,0.0,0
cat_event_a0,ensemble,batch_allocated,cn7,0,15,2,0,1,2,2.0,2
cat_event_a0,ensemble,batch_allocated,cn7,1,15,2,0,1,2,2.0,2
cat_event_a0,ensemble,batch_allocated,cn7,2,15,2,0,1,2,2.0,2
cat_event_a0,ensemble,batch_allocated,cn7,3,14,2,0,2,2,2.0,2
cat_event_a0,ensemble,batch_allocated,cn7,4,14,2,0,2,3,3.0,3
cat_event_a0,ensemble,batch_allocated,rg3,0,15,4,0,1,0,0.0,0
cat_event_a0,ensemble,batch_allocated,rg3,1,14,2,0,2,0,0.0,0
cat_event_a0,ensemble,batch_allocated,rg3,2,14,4,0,2,0,0.0,0
cat_event_a0,ensemble,batch_allocated,rg3,3,14,2,0,2,0,0.0,0
cat_event_a0,ensemble,batch_allocated,rg3,4,14,4,0,4,0,0.0,0
cat_row_a0.25,ensemble,historical_pooled,cn7,0,73,2,0,1,10,10.0,10
cat_row_a0.25,ensemble,historical_pooled,rg3,0,71,6,0,5,1,1.0,1
cat_row_a0.25,ensemble,batch_allocated,cn7,0,15,2,0,1,2,2.0,2
cat_row_a0.25,ensemble,batch_allocated,cn7,1,15,2,0,1,2,2.0,2
cat_row_a0.25,ensemble,batch_allocated,cn7,2,15,2,0,1,2,2.0,2
cat_row_a0.25,ensemble,batch_allocated,cn7,3,14,2,0,2,2,2.0,2
cat_row_a0.25,ensemble,batch_allocated,cn7,4,14,2,0,2,3,3.0,3
cat_row_a0.25,ensemble,batch_allocated,rg3,0,15,2,0,1,1,1.0,1
cat_row_a0.25,ensemble,batch_allocated,rg3,1,14,4,0,2,0,0.0,0
cat_row_a0.25,ensemble,batch_allocated,rg3,2,14,2,0,2,0,0.0,0
cat_row_a0.25,ensemble,batch_allocated,rg3,3,14,2,0,2,0,0.0,0
cat_row_a0.25,ensemble,batch_allocated,rg3,4,14,2,0,2,0,0.0,0
cat_event_a0.25,ensemble,historical_pooled,cn7,0,73,2,0,1,10,10.0,10
cat_event_a0.25,ensemble,historical_pooled,rg3,0,71,4,0,1,2,2.0,2
cat_event_a0.25,ensemble,batch_allocated,cn7,0,15,2,0,1,2,2.0,2
cat_event_a0.25,ensemble,batch_allocated,cn7,1,15,2,0,1,2,2.0,2
cat_event_a0.25,ensemble,batch_allocated,cn7,2,15,2,0,1,2,2.0,2
cat_event_a0.25,ensemble,batch_allocated,cn7,3,14,2,0,2,2,2.0,2
cat_event_a0.25,ensemble,batch_allocated,cn7,4,14,2,0,2,3,3.0,3
cat_event_a0.25,ensemble,batch_allocated,rg3,0,15,2,0,1,1,1.0,1
cat_event_a0.25,ensemble,batch_allocated,rg3,1,14,2,0,2,0,0.0,0
cat_event_a0.25,ensemble,batch_allocated,rg3,2,14,4,0,2,0,0.0,0
cat_event_a0.25,ensemble,batch_allocated,rg3,3,14,2,0,2,0,0.0,0
cat_event_a0.25,ensemble,batch_allocated,rg3,4,14,2,0,2,0,0.0,0
cat_row_a0.5,ensemble,historical_pooled,cn7,0,73,2,0,1,10,10.0,10
cat_row_a0.5,ensemble,historical_pooled,rg3,0,71,4,0,1,4,4.0,4
cat_row_a0.5,ensemble,batch_allocated,cn7,0,15,2,0,1,2,2.0,2
cat_row_a0.5,ensemble,batch_allocated,cn7,1,15,2,0,1,2,2.0,2
cat_row_a0.5,ensemble,batch_allocated,cn7,2,15,2,0,1,2,2.0,2
cat_row_a0.5,ensemble,batch_allocated,cn7,3,14,2,0,2,2,2.0,2
cat_row_a0.5,ensemble,batch_allocated,cn7,4,14,2,0,2,3,3.0,3
cat_row_a0.5,ensemble,batch_allocated,rg3,0,15,2,0,1,1,1.0,1
cat_row_a0.5,ensemble,batch_allocated,rg3,1,14,2,0,2,1,1.0,1
cat_row_a0.5,ensemble,batch_allocated,rg3,2,14,2,0,2,1,1.0,1
cat_row_a0.5,ensemble,batch_allocated,rg3,3,14,2,1,2,1,1.0,1
cat_row_a0.5,ensemble,batch_allocated,rg3,4,14,4,0,2,0,0.0,0
cat_event_a0.5,ensemble,historical_pooled,cn7,0,73,2,0,1,10,10.0,10
cat_event_a0.5,ensemble,historical_pooled,rg3,0,71,6,0,1,2,2.0,2
cat_event_a0.5,ensemble,batch_allocated,cn7,0,15,2,0,1,2,2.0,2
cat_event_a0.5,ensemble,batch_allocated,cn7,1,15,2,0,1,2,2.0,2
cat_event_a0.5,ensemble,batch_allocated,cn7,2,15,2,0,1,2,2.0,2
cat_event_a0.5,ensemble,batch_allocated,cn7,3,14,2,0,2,2,2.0,2
cat_event_a0.5,ensemble,batch_allocated,cn7,4,14,2,0,2,3,3.0,3
cat_event_a0.5,ensemble,batch_allocated,rg3,0,15,4,0,1,1,1.0,1
cat_event_a0.5,ensemble,batch_allocated,rg3,1,14,4,0,2,0,0.0,0
cat_event_a0.5,ensemble,batch_allocated,rg3,2,14,2,0,2,1,1.0,1
cat_event_a0.5,ensemble,batch_allocated,rg3,3,14,2,0,2,0,0.0,0
cat_event_a0.5,ensemble,batch_allocated,rg3,4,14,4,0,4,0,0.0,0
nested_selected,ensemble,historical_pooled,cn7,0,73,2,0,1,10,10.0,10
nested_selected,ensemble,historical_pooled,rg3,0,71,2,0,1,1,1.0,1
nested_selected,ensemble,batch_allocated,cn7,0,15,2,0,1,2,2.0,2
nested_selected,ensemble,batch_allocated,cn7,1,15,2,0,1,2,2.0,2
nested_selected,ensemble,batch_allocated,cn7,2,15,2,0,1,2,2.0,2
nested_selected,ensemble,batch_allocated,cn7,3,14,2,0,2,2,2.0,2
nested_selected,ensemble,batch_allocated,cn7,4,14,2,0,2,3,3.0,3
nested_selected,ensemble,batch_allocated,rg3,0,15,2,0,1,0,0.0,0
nested_selected,ensemble,batch_allocated,rg3,1,14,2,0,2,0,0.0,0
nested_selected,ensemble,batch_allocated,rg3,2,14,2,0,2,1,1.0,1
nested_selected,ensemble,batch_allocated,rg3,3,14,2,0,2,0,0.0,0
nested_selected,ensemble,batch_allocated,rg3,4,14,2,0,2,0,0.0,0
historical_gpu,20260922,historical_pooled,cn7,0,73,2,0,1,10,10.0,10
historical_gpu,20260922,historical_pooled,rg3,0,71,2,1,1,3,3.5,4
historical_gpu,20260922,batch_allocated,cn7,0,15,2,0,1,2,2.0,2
historical_gpu,20260922,batch_allocated,cn7,1,15,2,0,1,2,2.0,2
historical_gpu,20260922,batch_allocated,cn7,2,15,2,0,1,2,2.0,2
historical_gpu,20260922,batch_allocated,cn7,3,14,2,0,2,2,2.0,2
historical_gpu,20260922,batch_allocated,cn7,4,14,2,0,2,3,3.0,3
historical_gpu,20260922,batch_allocated,rg3,0,15,2,0,1,1,1.0,1
historical_gpu,20260922,batch_allocated,rg3,1,14,2,1,2,1,1.0,1
historical_gpu,20260922,batch_allocated,rg3,2,14,2,0,2,1,1.0,1
historical_gpu,20260922,batch_allocated,rg3,3,14,2,0,2,0,0.0,0
historical_gpu,20260922,batch_allocated,rg3,4,14,2,0,2,1,1.0,1
historical_cpu,20260922,historical_pooled,cn7,0,73,2,0,2,8,8.0,8
historical_cpu,20260922,historical_pooled,rg3,0,71,2,0,1,1,1.0,1
historical_cpu,20260922,batch_allocated,cn7,0,15,2,0,1,2,2.0,2
historical_cpu,20260922,batch_allocated,cn7,1,15,2,0,1,2,2.0,2
historical_cpu,20260922,batch_allocated,cn7,2,15,2,0,2,1,1.0,1
historical_cpu,20260922,batch_allocated,cn7,3,14,2,1,2,1,1.0,1
historical_cpu,20260922,batch_allocated,cn7,4,14,2,1,2,3,3.0,3
historical_cpu,20260922,batch_allocated,rg3,0,15,2,0,1,0,0.0,0
historical_cpu,20260922,batch_allocated,rg3,1,14,2,0,2,0,0.0,0
historical_cpu,20260922,batch_allocated,rg3,2,14,2,0,2,1,1.0,1
historical_cpu,20260922,batch_allocated,rg3,3,14,2,0,2,0,0.0,0
historical_cpu,20260922,batch_allocated,rg3,4,14,2,0,2,0,0.0,0
historical_gpu,20260923,historical_pooled,cn7,0,73,2,0,1,10,10.0,10
historical_gpu,20260923,historical_pooled,rg3,0,71,2,0,1,4,4.0,4
historical_gpu,20260923,batch_allocated,cn7,0,15,2,0,1,2,2.0,2
historical_gpu,20260923,batch_allocated,cn7,1,15,2,0,1,2,2.0,2
historical_gpu,20260923,batch_allocated,cn7,2,15,2,0,1,2,2.0,2
historical_gpu,20260923,batch_allocated,cn7,3,14,2,0,2,2,2.0,2
historical_gpu,20260923,batch_allocated,cn7,4,14,2,0,2,3,3.0,3
historical_gpu,20260923,batch_allocated,rg3,0,15,2,0,1,1,1.0,1
historical_gpu,20260923,batch_allocated,rg3,1,14,2,0,2,1,1.0,1
historical_gpu,20260923,batch_allocated,rg3,2,14,4,1,4,2,2.0,2
historical_gpu,20260923,batch_allocated,rg3,3,14,2,0,2,0,0.0,0
historical_gpu,20260923,batch_allocated,rg3,4,14,2,0,2,0,0.0,0
historical_cpu,20260923,historical_pooled,cn7,0,73,2,0,2,8,8.0,8
historical_cpu,20260923,historical_pooled,rg3,0,71,2,0,1,1,1.0,1
historical_cpu,20260923,batch_allocated,cn7,0,15,2,0,1,2,2.0,2
historical_cpu,20260923,batch_allocated,cn7,1,15,2,0,1,2,2.0,2
historical_cpu,20260923,batch_allocated,cn7,2,15,2,0,2,1,1.0,1
historical_cpu,20260923,batch_allocated,cn7,3,14,2,1,2,1,1.0,1
historical_cpu,20260923,batch_allocated,cn7,4,14,2,1,2,3,3.0,3
historical_cpu,20260923,batch_allocated,rg3,0,15,2,0,1,0,0.0,0
historical_cpu,20260923,batch_allocated,rg3,1,14,2,0,2,0,0.0,0
historical_cpu,20260923,batch_allocated,rg3,2,14,2,0,2,1,1.0,1
historical_cpu,20260923,batch_allocated,rg3,3,14,2,0,2,0,0.0,0
historical_cpu,20260923,batch_allocated,rg3,4,14,2,0,2,0,0.0,0
historical_gpu,20260924,historical_pooled,cn7,0,73,2,0,1,10,10.0,10
historical_gpu,20260924,historical_pooled,rg3,0,71,2,0,1,3,3.0,3
historical_gpu,20260924,batch_allocated,cn7,0,15,2,0,1,2,2.0,2
historical_gpu,20260924,batch_allocated,cn7,1,15,2,0,1,2,2.0,2
historical_gpu,20260924,batch_allocated,cn7,2,15,2,0,1,2,2.0,2
historical_gpu,20260924,batch_allocated,cn7,3,14,2,0,2,2,2.0,2
historical_gpu,20260924,batch_allocated,cn7,4,14,2,0,2,3,3.0,3
historical_gpu,20260924,batch_allocated,rg3,0,15,4,0,1,1,1.0,1
historical_gpu,20260924,batch_allocated,rg3,1,14,2,0,2,1,1.0,1
historical_gpu,20260924,batch_allocated,rg3,2,14,2,0,2,1,1.0,1
historical_gpu,20260924,batch_allocated,rg3,3,14,2,0,2,0,0.0,0
historical_gpu,20260924,batch_allocated,rg3,4,14,2,0,2,0,0.0,0
historical_cpu,20260924,historical_pooled,cn7,0,73,2,0,2,8,8.0,8
historical_cpu,20260924,historical_pooled,rg3,0,71,2,0,1,1,1.0,1
historical_cpu,20260924,batch_allocated,cn7,0,15,2,0,1,2,2.0,2
historical_cpu,20260924,batch_allocated,cn7,1,15,2,0,1,2,2.0,2
historical_cpu,20260924,batch_allocated,cn7,2,15,2,0,2,1,1.0,1
historical_cpu,20260924,batch_allocated,cn7,3,14,2,1,2,1,1.0,1
historical_cpu,20260924,batch_allocated,cn7,4,14,2,1,2,3,3.0,3
historical_cpu,20260924,batch_allocated,rg3,0,15,2,0,1,0,0.0,0
historical_cpu,20260924,batch_allocated,rg3,1,14,2,0,2,0,0.0,0
historical_cpu,20260924,batch_allocated,rg3,2,14,2,0,2,1,1.0,1
historical_cpu,20260924,batch_allocated,rg3,3,14,2,0,2,0,0.0,0
historical_cpu,20260924,batch_allocated,rg3,4,14,2,0,2,0,0.0,0
historical_gpu,ensemble,historical_pooled,cn7,0,73,2,0,1,10,10.0,10
historical_gpu,ensemble,historical_pooled,rg3,0,71,2,0,1,3,3.0,3
historical_gpu,ensemble,batch_allocated,cn7,0,15,2,0,1,2,2.0,2
historical_gpu,ensemble,batch_allocated,cn7,1,15,2,0,1,2,2.0,2
historical_gpu,ensemble,batch_allocated,cn7,2,15,2,0,1,2,2.0,2
historical_gpu,ensemble,batch_allocated,cn7,3,14,2,0,2,2,2.0,2
historical_gpu,ensemble,batch_allocated,cn7,4,14,2,0,2,3,3.0,3
historical_gpu,ensemble,batch_allocated,rg3,0,15,2,0,1,1,1.0,1
historical_gpu,ensemble,batch_allocated,rg3,1,14,2,0,2,1,1.0,1
historical_gpu,ensemble,batch_allocated,rg3,2,14,2,0,2,1,1.0,1
historical_gpu,ensemble,batch_allocated,rg3,3,14,2,0,2,0,0.0,0
historical_gpu,ensemble,batch_allocated,rg3,4,14,2,0,2,0,0.0,0
historical_cpu,ensemble,historical_pooled,cn7,0,73,2,0,2,8,8.0,8
historical_cpu,ensemble,historical_pooled,rg3,0,71,2,0,1,1,1.0,1
historical_cpu,ensemble,batch_allocated,cn7,0,15,2,0,1,2,2.0,2
historical_cpu,ensemble,batch_allocated,cn7,1,15,2,0,1,2,2.0,2
historical_cpu,ensemble,batch_allocated,cn7,2,15,2,0,2,1,1.0,1
historical_cpu,ensemble,batch_allocated,cn7,3,14,2,1,2,1,1.0,1
historical_cpu,ensemble,batch_allocated,cn7,4,14,2,1,2,3,3.0,3
historical_cpu,ensemble,batch_allocated,rg3,0,15,2,0,1,0,0.0,0
historical_cpu,ensemble,batch_allocated,rg3,1,14,2,0,2,0,0.0,0
historical_cpu,ensemble,batch_allocated,rg3,2,14,2,0,2,1,1.0,1
historical_cpu,ensemble,batch_allocated,rg3,3,14,2,0,2,0,0.0,0
historical_cpu,ensemble,batch_allocated,rg3,4,14,2,0,2,0,0.0,0
