model,seed,machine,fraction,rows,groups,positives,prevalence,k,found,missed,selected_negative,recall,precision,lift,average_precision,roc_auc,tp,fp,fn,tn,f1,accuracy
inner_calibrated_gpu_pair,20260922,all,0.1,1913,957,33,0.017250392054364874,192,13,20,179,0.3939393939393939,0.06770833333333333,3.925031565656565,0.08307640821476799,0.7460589941972922,13,179,20,1701,0.11555555555555555,0.8959749085206482
inner_calibrated_gpu_pair,20260922,cn7,0.1,967,484,13,0.01344364012409514,97,11,2,86,0.8461538461538461,0.1134020618556701,8.435368754956384,0.15929427640081817,0.9277939042089984,11,86,2,868,0.2,0.9089968976215098
inner_calibrated_gpu_pair,20260922,rg3,0.1,946,473,20,0.021141649048625793,95,2,18,93,0.1,0.021052631578947368,0.9957894736842106,0.022379241905381916,0.43363930885529156,2,93,18,833,0.034782608695652174,0.8826638477801269
inner_calibrated_gpu_pair,20260923,all,0.1,1913,957,33,0.017250392054364874,192,13,20,179,0.3939393939393939,0.06770833333333333,3.925031565656565,0.09417782852937304,0.781810122501612,13,179,20,1701,0.11555555555555555,0.8959749085206482
inner_calibrated_gpu_pair,20260923,cn7,0.1,967,484,13,0.01344364012409514,97,11,2,86,0.8461538461538461,0.1134020618556701,8.435368754956384,0.17660507737174275,0.929245283018868,11,86,2,868,0.2,0.9089968976215098
inner_calibrated_gpu_pair,20260923,rg3,0.1,946,473,20,0.021141649048625793,95,2,18,93,0.1,0.021052631578947368,0.9957894736842106,0.02541790733764724,0.533207343412527,2,93,18,833,0.034782608695652174,0.8826638477801269
inner_calibrated_gpu_pair,20260924,all,0.1,1913,957,33,0.017250392054364874,192,13,20,179,0.3939393939393939,0.06770833333333333,3.925031565656565,0.0911829689428446,0.7433349451966473,13,179,20,1701,0.11555555555555555,0.8959749085206482
inner_calibrated_gpu_pair,20260924,cn7,0.1,967,484,13,0.01344364012409514,97,10,3,87,0.7692307692307693,0.10309278350515463,7.668517049960348,0.1817414028286266,0.8757055313659088,10,87,3,867,0.18181818181818182,0.9069286452947259
inner_calibrated_gpu_pair,20260924,rg3,0.1,946,473,20,0.021141649048625793,95,3,17,92,0.15,0.031578947368421054,1.4936842105263157,0.024060850674799024,0.49800215982721385,3,92,17,834,0.05217391304347826,0.8847780126849895
