model,seed,machine,fraction,rows,groups,positives,prevalence,k,found,missed,selected_negative,recall,precision,lift,average_precision,roc_auc,tp,fp,fn,tn,f1,accuracy,policy_derived_accuracy
baseline,20260922,all,0.1,1913,957,33,0.0172503920543648,192,12,21,180,0.3636363636363636,0.0625,3.62310606060606,0.1154191889808864,0.7584219858156029,12,180,21,1700,0.1066666666666666,0.894929430214323,
baseline,20260922,cn7,0.1,967,484,13,0.0134436401240951,97,11,2,86,0.8461538461538461,0.1134020618556701,8.435368754956384,0.2862651503845684,0.9333575229801644,11,86,2,868,0.2,0.9089968976215098,
baseline,20260922,rg3,0.1,946,473,20,0.0211416490486257,95,1,19,94,0.05,0.0105263157894736,0.4978947368421053,0.0230579391073042,0.5213822894168466,1,94,19,832,0.017391304347826,0.8805496828752643,
baseline,20260923,all,0.1,1913,957,33,0.0172503920543648,192,12,21,180,0.3636363636363636,0.0625,3.62310606060606,0.1154191889808864,0.7584219858156029,12,180,21,1700,0.1066666666666666,0.894929430214323,
baseline,20260923,cn7,0.1,967,484,13,0.0134436401240951,97,11,2,86,0.8461538461538461,0.1134020618556701,8.435368754956384,0.2862651503845684,0.9333575229801644,11,86,2,868,0.2,0.9089968976215098,
baseline,20260923,rg3,0.1,946,473,20,0.0211416490486257,95,1,19,94,0.05,0.0105263157894736,0.4978947368421053,0.0230579391073042,0.5213822894168466,1,94,19,832,0.017391304347826,0.8805496828752643,
baseline,20260924,all,0.1,1913,957,33,0.0172503920543648,192,12,21,180,0.3636363636363636,0.0625,3.62310606060606,0.1154191889808864,0.7584219858156029,12,180,21,1700,0.1066666666666666,0.894929430214323,
baseline,20260924,cn7,0.1,967,484,13,0.0134436401240951,97,11,2,86,0.8461538461538461,0.1134020618556701,8.435368754956384,0.2862651503845684,0.9333575229801644,11,86,2,868,0.2,0.9089968976215098,
baseline,20260924,rg3,0.1,946,473,20,0.0211416490486257,95,1,19,94,0.05,0.0105263157894736,0.4978947368421053,0.0230579391073042,0.5213822894168466,1,94,19,832,0.017391304347826,0.8805496828752643,
fixed_local_logistic_c1__rg3_cat_pair_rank_mean,20260922,all,0.1,1913,957,33,0.0172503920543648,192,16,17,176,0.4848484848484848,0.0833333333333333,4.83080808080808,0.1030638082812796,0.7975580270793037,16,176,17,1704,0.1422222222222222,,0.8991113434396236
fixed_local_logistic_c1__rg3_cat_pair_rank_mean,20260922,cn7,0.1,967,484,13,0.0134436401240951,97,12,1,85,0.9230769230769232,0.1237113402061855,9.202220459952418,0.3255767292374893,0.9654491211094984,12,85,1,869,0.2181818181818181,,0.9110651499482936
fixed_local_logistic_c1__rg3_cat_pair_rank_mean,20260922,rg3,0.1,946,473,20,0.0211416490486257,95,4,16,91,0.2,0.0421052631578947,1.991578947368421,0.0325576661777877,0.5846652267818575,4,91,16,835,0.0695652173913043,,0.8868921775898521
fixed_local_logistic_c1__rg3_cat_pair_rank_mean,20260923,all,0.1,1913,957,33,0.0172503920543648,192,17,16,175,0.5151515151515151,0.0885416666666666,5.132733585858586,0.0991126478443566,0.7943181818181819,17,175,16,1705,0.1511111111111111,,0.9001568217459488
fixed_local_logistic_c1__rg3_cat_pair_rank_mean,20260923,cn7,0.1,967,484,13,0.0134436401240951,97,12,1,85,0.9230769230769232,0.1237113402061855,9.202220459952418,0.3255767292374893,0.9654491211094984,12,85,1,869,0.2181818181818181,,0.9110651499482936
fixed_local_logistic_c1__rg3_cat_pair_rank_mean,20260923,rg3,0.1,946,473,20,0.0211416490486257,95,5,15,90,0.25,0.0526315789473684,2.4894736842105263,0.0321578334609799,0.5748380129589633,5,90,15,836,0.0869565217391304,,0.8890063424947146
fixed_local_logistic_c1__rg3_cat_pair_rank_mean,20260924,all,0.1,1913,957,33,0.0172503920543648,192,16,17,176,0.4848484848484848,0.0833333333333333,4.83080808080808,0.1012199614137821,0.7959300451321728,16,176,17,1704,0.1422222222222222,,0.8991113434396236
fixed_local_logistic_c1__rg3_cat_pair_rank_mean,20260924,cn7,0.1,967,484,13,0.0134436401240951,97,12,1,85,0.9230769230769232,0.1237113402061855,9.202220459952418,0.3255767292374893,0.9654491211094984,12,85,1,869,0.2181818181818181,,0.9110651499482936
fixed_local_logistic_c1__rg3_cat_pair_rank_mean,20260924,rg3,0.1,946,473,20,0.0211416490486257,95,4,16,91,0.2,0.0421052631578947,1.991578947368421,0.0353046375296879,0.5797516198704105,4,91,16,835,0.0695652173913043,,0.8868921775898521
