machine,policy,metric,seed,difference,lower95,upper95,valid_repeats,invalid_repeats,requested_repeats,scope
all,P_GLOBAL,recall,20260922,0.09090909090909094,-0.08830213903743316,0.25016025641025624,1000,0,1000,conditional_fixed_oof_not_retraining_or_model_search_uncertainty
all,P_GLOBAL,average_precision,20260922,-0.012355380699606872,-0.10421545008135961,0.11490506605790238,1000,0,1000,conditional_fixed_oof_not_retraining_or_model_search_uncertainty
all,P_MACHINE,recall,20260922,0.12121212121212122,-0.02857142857142857,0.3111458333333333,1000,0,1000,conditional_fixed_oof_not_retraining_or_model_search_uncertainty
all,P_MACHINE,average_precision,20260922,-0.012355380699606872,-0.10421545008135961,0.11490506605790238,1000,0,1000,conditional_fixed_oof_not_retraining_or_model_search_uncertainty
cn7,P_GLOBAL,recall,20260922,0.07692307692307698,-0.15009615384615382,0.43767361111111097,1000,0,1000,conditional_fixed_oof_not_retraining_or_model_search_uncertainty
cn7,P_GLOBAL,average_precision,20260922,0.039311578852920914,-0.15864427019169614,0.3045700429204294,1000,0,1000,conditional_fixed_oof_not_retraining_or_model_search_uncertainty
cn7,P_MACHINE,recall,20260922,0.07692307692307698,-0.15009615384615382,0.43767361111111097,1000,0,1000,conditional_fixed_oof_not_retraining_or_model_search_uncertainty
cn7,P_MACHINE,average_precision,20260922,0.039311578852920914,-0.15864427019169614,0.3045700429204294,1000,0,1000,conditional_fixed_oof_not_retraining_or_model_search_uncertainty
rg3,P_GLOBAL,recall,20260922,0.15000000000000002,-0.05555555555555555,0.35294117647058826,1000,0,1000,conditional_fixed_oof_not_retraining_or_model_search_uncertainty
rg3,P_GLOBAL,average_precision,20260922,0.0094997270704835,-0.0031181112234356665,0.03456891028322026,1000,0,1000,conditional_fixed_oof_not_retraining_or_model_search_uncertainty
rg3,P_MACHINE,recall,20260922,0.15000000000000002,-0.05555555555555555,0.35294117647058826,1000,0,1000,conditional_fixed_oof_not_retraining_or_model_search_uncertainty
rg3,P_MACHINE,average_precision,20260922,0.0094997270704835,-0.0031181112234356665,0.03456891028322026,1000,0,1000,conditional_fixed_oof_not_retraining_or_model_search_uncertainty
