model,seed,machine,policy,rows,positives,k,tp,fp,fn,tn,recall,precision,f1,accuracy
baseline,20260922,all,high_recall_decision,1913,33,1427,33,1394,0,486,1.0,0.0231254379817799,0.0452054794520547,0.2713016204913748
baseline,20260922,cn7,high_recall_decision,967,13,489,13,476,0,478,1.0,0.0265848670756646,0.0517928286852589,0.5077559462254395
baseline,20260922,rg3,high_recall_decision,946,20,938,20,918,0,8,1.0,0.021321961620469,0.0417536534446764,0.0295983086680761
baseline,20260923,all,high_recall_decision,1913,33,1243,33,1210,0,670,1.0,0.0265486725663716,0.0517241379310344,0.367485624673288
baseline,20260923,cn7,high_recall_decision,967,13,313,13,300,0,654,1.0,0.0415335463258785,0.0797546012269938,0.6897621509824199
baseline,20260923,rg3,high_recall_decision,946,20,930,20,910,0,16,1.0,0.021505376344086,0.0421052631578947,0.0380549682875264
baseline,20260924,all,high_recall_decision,1913,33,1455,33,1422,0,458,1.0,0.022680412371134,0.0443548387096774,0.2566649242028228
baseline,20260924,cn7,high_recall_decision,967,13,529,13,516,0,438,1.0,0.0245746691871455,0.047970479704797,0.4663908996897621
baseline,20260924,rg3,high_recall_decision,946,20,926,20,906,0,20,1.0,0.0215982721382289,0.0422832980972515,0.0422832980972515
