model,seed,machine,fraction,rows,groups,positives,prevalence,k,found,missed,selected_negative,recall,precision,lift,average_precision,roc_auc,tp,fp,fn,tn,f1,accuracy,tie_min_tp,tie_max_tp
cpu_reference,20260922,all,0.075,1913,957,33,0.017250392054364874,144,9,24,135,0.2727272727272727,0.0625,3.62310606060606,0.11541918898088648,0.7584219858156029,9,135,24,1745,0.1016949152542373,0.9168844746471511,9,9
cpu_reference,20260922,cn7,0.075,967,484,13,0.01344364012409514,73,8,5,65,0.6153846153846154,0.1095890410958904,8.151738672286617,0.28626515038456846,0.9333575229801645,8,65,5,889,0.18604651162790697,0.9276111685625646,8,8
cpu_reference,20260922,rg3,0.075,946,473,20,0.021141649048625793,71,1,19,70,0.05,0.014084507042253521,0.6661971830985915,0.0230579391073042,0.5213822894168466,1,70,19,856,0.02197802197802198,0.9059196617336153,1,1
cpu_reference,20260923,all,0.075,1913,957,33,0.017250392054364874,144,9,24,135,0.2727272727272727,0.0625,3.62310606060606,0.11541918898088648,0.7584219858156029,9,135,24,1745,0.1016949152542373,0.9168844746471511,9,9
cpu_reference,20260923,cn7,0.075,967,484,13,0.01344364012409514,73,8,5,65,0.6153846153846154,0.1095890410958904,8.151738672286617,0.28626515038456846,0.9333575229801645,8,65,5,889,0.18604651162790697,0.9276111685625646,8,8
cpu_reference,20260923,rg3,0.075,946,473,20,0.021141649048625793,71,1,19,70,0.05,0.014084507042253521,0.6661971830985915,0.0230579391073042,0.5213822894168466,1,70,19,856,0.02197802197802198,0.9059196617336153,1,1
cpu_reference,20260924,all,0.075,1913,957,33,0.017250392054364874,144,9,24,135,0.2727272727272727,0.0625,3.62310606060606,0.11541918898088648,0.7584219858156029,9,135,24,1745,0.1016949152542373,0.9168844746471511,9,9
cpu_reference,20260924,cn7,0.075,967,484,13,0.01344364012409514,73,8,5,65,0.6153846153846154,0.1095890410958904,8.151738672286617,0.28626515038456846,0.9333575229801645,8,65,5,889,0.18604651162790697,0.9276111685625646,8,8
cpu_reference,20260924,rg3,0.075,946,473,20,0.021141649048625793,71,1,19,70,0.05,0.014084507042253521,0.6661971830985915,0.0230579391073042,0.5213822894168466,1,70,19,856,0.02197802197802198,0.9059196617336153,1,1
gpu_pair_original,20260922,all,0.075,1913,957,33,0.017250392054364874,144,14,19,130,0.42424242424242425,0.09722222222222222,5.63594276094276,0.1030638082812796,0.7975580270793037,14,130,19,1750,0.15819209039548024,0.9221118661787768,13,14
gpu_pair_original,20260922,cn7,0.075,967,484,13,0.01344364012409514,73,10,3,63,0.7692307692307693,0.136986301369863,10.18967334035827,0.32557672923748937,0.9654491211094984,10,63,3,891,0.23255813953488372,0.9317476732161324,10,10
gpu_pair_original,20260922,rg3,0.075,946,473,20,0.021141649048625793,71,4,16,67,0.2,0.056338028169014086,2.664788732394366,0.0325576661777877,0.5846652267818575,4,67,16,859,0.08791208791208792,0.912262156448203,3,4
gpu_pair_original,20260923,all,0.075,1913,957,33,0.017250392054364874,144,14,19,130,0.42424242424242425,0.09722222222222222,5.63594276094276,0.09911264784435664,0.7943181818181819,14,130,19,1750,0.15819209039548024,0.9221118661787768,14,14
gpu_pair_original,20260923,cn7,0.075,967,484,13,0.01344364012409514,73,10,3,63,0.7692307692307693,0.136986301369863,10.18967334035827,0.32557672923748937,0.9654491211094984,10,63,3,891,0.23255813953488372,0.9317476732161324,10,10
gpu_pair_original,20260923,rg3,0.075,946,473,20,0.021141649048625793,71,4,16,67,0.2,0.056338028169014086,2.664788732394366,0.03215783346097993,0.5748380129589633,4,67,16,859,0.08791208791208792,0.912262156448203,4,4
gpu_pair_original,20260924,all,0.075,1913,957,33,0.017250392054364874,144,13,20,131,0.3939393939393939,0.09027777777777778,5.23337542087542,0.1012199614137821,0.7959300451321728,13,131,20,1749,0.14689265536723164,0.9210663878724517,13,13
gpu_pair_original,20260924,cn7,0.075,967,484,13,0.01344364012409514,73,10,3,63,0.7692307692307693,0.136986301369863,10.18967334035827,0.32557672923748937,0.9654491211094984,10,63,3,891,0.23255813953488372,0.9317476732161324,10,10
gpu_pair_original,20260924,rg3,0.075,946,473,20,0.021141649048625793,71,3,17,68,0.15,0.04225352112676056,1.9985915492957746,0.035304637529687946,0.5797516198704105,3,68,17,858,0.06593406593406594,0.9101479915433404,3,3
gpu_pair_repeat,20260922,all,0.075,1913,957,33,0.017250392054364874,144,14,19,130,0.42424242424242425,0.09722222222222222,5.63594276094276,0.1030638082812796,0.7975580270793037,14,130,19,1750,0.15819209039548024,0.9221118661787768,13,14
gpu_pair_repeat,20260922,cn7,0.075,967,484,13,0.01344364012409514,73,10,3,63,0.7692307692307693,0.136986301369863,10.18967334035827,0.32557672923748937,0.9654491211094984,10,63,3,891,0.23255813953488372,0.9317476732161324,10,10
gpu_pair_repeat,20260922,rg3,0.075,946,473,20,0.021141649048625793,71,4,16,67,0.2,0.056338028169014086,2.664788732394366,0.0325576661777877,0.5846652267818575,4,67,16,859,0.08791208791208792,0.912262156448203,3,4
gpu_pair_repeat,20260923,all,0.075,1913,957,33,0.017250392054364874,144,14,19,130,0.42424242424242425,0.09722222222222222,5.63594276094276,0.09911264784435664,0.7943181818181819,14,130,19,1750,0.15819209039548024,0.9221118661787768,14,14
gpu_pair_repeat,20260923,cn7,0.075,967,484,13,0.01344364012409514,73,10,3,63,0.7692307692307693,0.136986301369863,10.18967334035827,0.32557672923748937,0.9654491211094984,10,63,3,891,0.23255813953488372,0.9317476732161324,10,10
gpu_pair_repeat,20260923,rg3,0.075,946,473,20,0.021141649048625793,71,4,16,67,0.2,0.056338028169014086,2.664788732394366,0.03215783346097993,0.5748380129589633,4,67,16,859,0.08791208791208792,0.912262156448203,4,4
gpu_pair_repeat,20260924,all,0.075,1913,957,33,0.017250392054364874,144,13,20,131,0.3939393939393939,0.09027777777777778,5.23337542087542,0.1012199614137821,0.7959300451321728,13,131,20,1749,0.14689265536723164,0.9210663878724517,13,13
gpu_pair_repeat,20260924,cn7,0.075,967,484,13,0.01344364012409514,73,10,3,63,0.7692307692307693,0.136986301369863,10.18967334035827,0.32557672923748937,0.9654491211094984,10,63,3,891,0.23255813953488372,0.9317476732161324,10,10
gpu_pair_repeat,20260924,rg3,0.075,946,473,20,0.021141649048625793,71,3,17,68,0.15,0.04225352112676056,1.9985915492957746,0.035304637529687946,0.5797516198704105,3,68,17,858,0.06593406593406594,0.9101479915433404,3,3
inner_calibrated_pair,20260922,all,0.075,1913,957,33,0.017250392054364874,144,12,21,132,0.36363636363636365,0.08333333333333333,4.83080808080808,0.08307640821476799,0.7460589941972922,12,132,21,1748,0.13559322033898305,0.9200209095661265,12,12
inner_calibrated_pair,20260922,cn7,0.075,967,484,13,0.01344364012409514,73,10,3,63,0.7692307692307693,0.136986301369863,10.18967334035827,0.15929427640081817,0.9277939042089984,10,63,3,891,0.23255813953488372,0.9317476732161324,10,10
inner_calibrated_pair,20260922,rg3,0.075,946,473,20,0.021141649048625793,71,2,18,69,0.1,0.028169014084507043,1.332394366197183,0.022379241905381916,0.43363930885529156,2,69,18,857,0.04395604395604396,0.9080338266384778,2,2
inner_calibrated_pair,20260923,all,0.075,1913,957,33,0.017250392054364874,144,12,21,132,0.36363636363636365,0.08333333333333333,4.83080808080808,0.09417782852937304,0.781810122501612,12,132,21,1748,0.13559322033898305,0.9200209095661265,12,12
inner_calibrated_pair,20260923,cn7,0.075,967,484,13,0.01344364012409514,73,10,3,63,0.7692307692307693,0.136986301369863,10.18967334035827,0.17660507737174275,0.929245283018868,10,63,3,891,0.23255813953488372,0.9317476732161324,10,10
inner_calibrated_pair,20260923,rg3,0.075,946,473,20,0.021141649048625793,71,2,18,69,0.1,0.028169014084507043,1.332394366197183,0.02541790733764724,0.533207343412527,2,69,18,857,0.04395604395604396,0.9080338266384778,2,2
inner_calibrated_pair,20260924,all,0.075,1913,957,33,0.017250392054364874,144,13,20,131,0.3939393939393939,0.09027777777777778,5.23337542087542,0.0911829689428446,0.7433349451966473,13,131,20,1749,0.14689265536723164,0.9210663878724517,13,13
inner_calibrated_pair,20260924,cn7,0.075,967,484,13,0.01344364012409514,73,10,3,63,0.7692307692307693,0.136986301369863,10.18967334035827,0.1817414028286266,0.8757055313659088,10,63,3,891,0.23255813953488372,0.9317476732161324,10,10
inner_calibrated_pair,20260924,rg3,0.075,946,473,20,0.021141649048625793,71,3,17,68,0.15,0.04225352112676056,1.9985915492957746,0.024060850674799024,0.49800215982721385,3,68,17,858,0.06593406593406594,0.9101479915433404,3,3
