model,seed,machine,fraction,rows,groups,positives,prevalence,k,found,missed,selected_negative,recall,precision,lift,average_precision,roc_auc,tp,fp,fn,tn,f1,policy_derived_accuracy
baseline__rg3_fixed_cat_event_d2_reg30,20260922,all,0.1,1913,957,33,0.017250392054364874,192,14,19,178,0.42424242424242425,0.07291666666666667,4.226957070707071,0.13380313662354967,0.731262088974855,14,178,19,1702,0.12444444444444444,0.8970203868269734
baseline__rg3_fixed_cat_event_d2_reg30,20260922,cn7,0.1,967,484,13,0.01344364012409514,97,11,2,86,0.8461538461538461,0.1134020618556701,8.435368754956384,0.28626515038456846,0.9333575229801645,11,86,2,868,0.2,0.9089968976215098
baseline__rg3_fixed_cat_event_d2_reg30,20260922,rg3,0.1,946,473,20,0.021141649048625793,95,3,17,92,0.15,0.031578947368421054,1.4936842105263157,0.030247809733434966,0.5615550755939525,3,92,17,834,0.05217391304347826,0.8847780126849895
baseline__rg3_fixed_cat_event_d3,20260922,all,0.1,1913,957,33,0.017250392054364874,192,14,19,178,0.42424242424242425,0.07291666666666667,4.226957070707071,0.13321597274352265,0.7293278529980658,14,178,19,1702,0.12444444444444444,0.8970203868269734
baseline__rg3_fixed_cat_event_d3,20260922,cn7,0.1,967,484,13,0.01344364012409514,97,11,2,86,0.8461538461538461,0.1134020618556701,8.435368754956384,0.28626515038456846,0.9333575229801645,11,86,2,868,0.2,0.9089968976215098
baseline__rg3_fixed_cat_event_d3,20260922,rg3,0.1,946,473,20,0.021141649048625793,95,3,17,92,0.15,0.031578947368421054,1.4936842105263157,0.028971966197200348,0.568682505399568,3,92,17,834,0.05217391304347826,0.8847780126849895
baseline__rg3_fixed_cat_event_engineered,20260922,all,0.1,1913,957,33,0.017250392054364874,192,11,22,181,0.3333333333333333,0.057291666666666664,3.321180555555555,0.1287045671800767,0.7010557704706639,11,181,22,1699,0.09777777777777778,0.893883951907998
baseline__rg3_fixed_cat_event_engineered,20260922,cn7,0.1,967,484,13,0.01344364012409514,97,11,2,86,0.8461538461538461,0.1134020618556701,8.435368754956384,0.28626515038456846,0.9333575229801645,11,86,2,868,0.2,0.9089968976215098
baseline__rg3_fixed_cat_event_engineered,20260922,rg3,0.1,946,473,20,0.021141649048625793,95,0,20,95,0.0,0.0,0.0,0.020797676692496686,0.4788336933045356,0,95,20,831,0.0,0.8784355179704016
baseline__rg3_fixed_cat_row_d2_reg30,20260922,all,0.1,1913,957,33,0.017250392054364874,192,14,19,178,0.42424242424242425,0.07291666666666667,4.226957070707071,0.13559242791837434,0.7321647324306897,14,178,19,1702,0.12444444444444444,0.8970203868269734
baseline__rg3_fixed_cat_row_d2_reg30,20260922,cn7,0.1,967,484,13,0.01344364012409514,97,11,2,86,0.8461538461538461,0.1134020618556701,8.435368754956384,0.28626515038456846,0.9333575229801645,11,86,2,868,0.2,0.9089968976215098
baseline__rg3_fixed_cat_row_d2_reg30,20260922,rg3,0.1,946,473,20,0.021141649048625793,95,3,17,92,0.15,0.031578947368421054,1.4936842105263157,0.03524880732538718,0.5866090712742981,3,92,17,834,0.05217391304347826,0.8847780126849895
baseline__rg3_fixed_cat_row_d3,20260922,all,0.1,1913,957,33,0.017250392054364874,192,15,18,177,0.45454545454545453,0.078125,4.528882575757575,0.1347534042678552,0.724105415860735,15,177,18,1703,0.13333333333333333,0.8980658651332984
baseline__rg3_fixed_cat_row_d3,20260922,cn7,0.1,967,484,13,0.01344364012409514,97,11,2,86,0.8461538461538461,0.1134020618556701,8.435368754956384,0.28626515038456846,0.9333575229801645,11,86,2,868,0.2,0.9089968976215098
baseline__rg3_fixed_cat_row_d3,20260922,rg3,0.1,946,473,20,0.021141649048625793,95,4,16,91,0.2,0.042105263157894736,1.9915789473684211,0.03576800862464288,0.5928725701943844,4,91,16,835,0.06956521739130435,0.8868921775898521
baseline__rg3_fixed_cat_row_engineered,20260922,all,0.1,1913,957,33,0.017250392054364874,192,12,21,180,0.36363636363636365,0.0625,3.62310606060606,0.12790419192954489,0.6735573823339781,12,180,21,1700,0.10666666666666667,0.894929430214323
baseline__rg3_fixed_cat_row_engineered,20260922,cn7,0.1,967,484,13,0.01344364012409514,97,11,2,86,0.8461538461538461,0.1134020618556701,8.435368754956384,0.28626515038456846,0.9333575229801645,11,86,2,868,0.2,0.9089968976215098
baseline__rg3_fixed_cat_row_engineered,20260922,rg3,0.1,946,473,20,0.021141649048625793,95,1,19,94,0.05,0.010526315789473684,0.4978947368421053,0.020228697788346843,0.4659827213822894,1,94,19,832,0.017391304347826087,0.8805496828752643
baseline__rg3_fixed_local_logistic_c1,20260922,all,0.1,1913,957,33,0.017250392054364874,192,13,20,179,0.3939393939393939,0.06770833333333333,3.925031565656565,0.0678579741892028,0.7327450032237266,13,179,20,1701,0.11555555555555555,0.8959749085206482
baseline__rg3_fixed_local_logistic_c1,20260922,cn7,0.1,967,484,13,0.01344364012409514,97,11,2,86,0.8461538461538461,0.1134020618556701,8.435368754956384,0.28626515038456846,0.9333575229801645,11,86,2,868,0.2,0.9089968976215098
baseline__rg3_fixed_local_logistic_c1,20260922,rg3,0.1,946,473,20,0.021141649048625793,95,2,18,93,0.1,0.021052631578947368,0.9957894736842106,0.02230797465288386,0.5004319654427646,2,93,18,833,0.034782608695652174,0.8826638477801269
baseline__rg3_fixed_xgb_row_engineered,20260922,all,0.1,1913,957,33,0.017250392054364874,192,12,21,180,0.36363636363636365,0.0625,3.62310606060606,0.1274247868007925,0.6599854932301741,12,180,21,1700,0.10666666666666667,0.894929430214323
baseline__rg3_fixed_xgb_row_engineered,20260922,cn7,0.1,967,484,13,0.01344364012409514,97,11,2,86,0.8461538461538461,0.1134020618556701,8.435368754956384,0.28626515038456846,0.9333575229801645,11,86,2,868,0.2,0.9089968976215098
baseline__rg3_fixed_xgb_row_engineered,20260922,rg3,0.1,946,473,20,0.021141649048625793,95,1,19,94,0.05,0.010526315789473684,0.4978947368421053,0.018879440841261204,0.4259179265658747,1,94,19,832,0.017391304347826087,0.8805496828752643
baseline__rg3_cat_pair_mean,20260922,all,0.1,1913,957,33,0.017250392054364874,192,14,19,178,0.42424242424242425,0.07291666666666667,4.226957070707071,0.13438799365199758,0.7277482269503546,14,178,19,1702,0.12444444444444444,0.8970203868269734
baseline__rg3_cat_pair_mean,20260922,cn7,0.1,967,484,13,0.01344364012409514,97,11,2,86,0.8461538461538461,0.1134020618556701,8.435368754956384,0.28626515038456846,0.9333575229801645,11,86,2,868,0.2,0.9089968976215098
baseline__rg3_cat_pair_mean,20260922,rg3,0.1,946,473,20,0.021141649048625793,95,3,17,92,0.15,0.031578947368421054,1.4936842105263157,0.03180559457558067,0.5786177105831533,3,92,17,834,0.05217391304347826,0.8847780126849895
baseline__rg3_cat_pair_rank_mean,20260922,all,0.1,1913,957,33,0.017250392054364874,192,15,18,177,0.45454545454545453,0.078125,4.528882575757575,0.11135091202296846,0.7667392005157962,15,177,18,1703,0.13333333333333333,0.8980658651332984
baseline__rg3_cat_pair_rank_mean,20260922,cn7,0.1,967,484,13,0.01344364012409514,97,11,2,86,0.8461538461538461,0.1134020618556701,8.435368754956384,0.28626515038456846,0.9333575229801645,11,86,2,868,0.2,0.9089968976215098
baseline__rg3_cat_pair_rank_mean,20260922,rg3,0.1,946,473,20,0.021141649048625793,95,4,16,91,0.2,0.042105263157894736,1.9915789473684211,0.0325576661777877,0.5846652267818575,4,91,16,835,0.06956521739130435,0.8868921775898521
baseline__rg3_all_trees_mean,20260922,all,0.1,1913,957,33,0.017250392054364874,192,14,19,178,0.42424242424242425,0.07291666666666667,4.226957070707071,0.1324307979578515,0.7225580270793036,14,178,19,1702,0.12444444444444444,0.8970203868269734
baseline__rg3_all_trees_mean,20260922,cn7,0.1,967,484,13,0.01344364012409514,97,11,2,86,0.8461538461538461,0.1134020618556701,8.435368754956384,0.28626515038456846,0.9333575229801645,11,86,2,868,0.2,0.9089968976215098
baseline__rg3_all_trees_mean,20260922,rg3,0.1,946,473,20,0.021141649048625793,95,3,17,92,0.15,0.031578947368421054,1.4936842105263157,0.026873199624205896,0.5470842332613391,3,92,17,834,0.05217391304347826,0.8847780126849895
baseline__rg3_all_trees_rank_mean,20260922,all,0.1,1913,957,33,0.017250392054364874,192,13,20,179,0.3939393939393939,0.06770833333333333,3.925031565656565,0.10603204356383927,0.751265312701483,13,179,20,1701,0.11555555555555555,0.8959749085206482
baseline__rg3_all_trees_rank_mean,20260922,cn7,0.1,967,484,13,0.01344364012409514,97,11,2,86,0.8461538461538461,0.1134020618556701,8.435368754956384,0.28626515038456846,0.9333575229801645,11,86,2,868,0.2,0.9089968976215098
baseline__rg3_all_trees_rank_mean,20260922,rg3,0.1,946,473,20,0.021141649048625793,95,2,18,93,0.1,0.021052631578947368,0.9957894736842106,0.025020877822943658,0.5300215982721382,2,93,18,833,0.034782608695652174,0.8826638477801269
baseline__rg3_cat_shallow_pair_mean,20260922,all,0.1,1913,957,33,0.017250392054364874,192,14,19,178,0.42424242424242425,0.07291666666666667,4.226957070707071,0.13502721525730224,0.7327772404900064,14,178,19,1702,0.12444444444444444,0.8970203868269734
baseline__rg3_cat_shallow_pair_mean,20260922,cn7,0.1,967,484,13,0.01344364012409514,97,11,2,86,0.8461538461538461,0.1134020618556701,8.435368754956384,0.28626515038456846,0.9333575229801645,11,86,2,868,0.2,0.9089968976215098
baseline__rg3_cat_shallow_pair_mean,20260922,rg3,0.1,946,473,20,0.021141649048625793,95,3,17,92,0.15,0.031578947368421054,1.4936842105263157,0.03296527293881692,0.5745140388768898,3,92,17,834,0.05217391304347826,0.8847780126849895
baseline__rg3_cat_shallow_pair_rank_mean,20260922,all,0.1,1913,957,33,0.017250392054364874,192,15,18,177,0.45454545454545453,0.078125,4.528882575757575,0.11304302050770043,0.7558268858800773,15,177,18,1703,0.13333333333333333,0.8980658651332984
baseline__rg3_cat_shallow_pair_rank_mean,20260922,cn7,0.1,967,484,13,0.01344364012409514,97,11,2,86,0.8461538461538461,0.1134020618556701,8.435368754956384,0.28626515038456846,0.9333575229801645,11,86,2,868,0.2,0.9089968976215098
baseline__rg3_cat_shallow_pair_rank_mean,20260922,rg3,0.1,946,473,20,0.021141649048625793,95,4,16,91,0.2,0.042105263157894736,1.9915789473684211,0.03339476413961055,0.5748920086393088,4,91,16,835,0.06956521739130435,0.8868921775898521
baseline__rg3_cat_engineered_pair_mean,20260922,all,0.1,1913,957,33,0.017250392054364874,192,12,21,180,0.36363636363636365,0.0625,3.62310606060606,0.12840940320081454,0.68925693101225,12,180,21,1700,0.10666666666666667,0.894929430214323
baseline__rg3_cat_engineered_pair_mean,20260922,cn7,0.1,967,484,13,0.01344364012409514,97,11,2,86,0.8461538461538461,0.1134020618556701,8.435368754956384,0.28626515038456846,0.9333575229801645,11,86,2,868,0.2,0.9089968976215098
baseline__rg3_cat_engineered_pair_mean,20260922,rg3,0.1,946,473,20,0.021141649048625793,95,1,19,94,0.05,0.010526315789473684,0.4978947368421053,0.02028027610396609,0.4697624190064795,1,94,19,832,0.017391304347826087,0.8805496828752643
baseline__rg3_cat_engineered_pair_rank_mean,20260922,all,0.1,1913,957,33,0.017250392054364874,192,12,21,180,0.36363636363636365,0.0625,3.62310606060606,0.09700367211314383,0.7221711798839459,12,180,21,1700,0.10666666666666667,0.894929430214323
baseline__rg3_cat_engineered_pair_rank_mean,20260922,cn7,0.1,967,484,13,0.01344364012409514,97,11,2,86,0.8461538461538461,0.1134020618556701,8.435368754956384,0.28626515038456846,0.9333575229801645,11,86,2,868,0.2,0.9089968976215098
baseline__rg3_cat_engineered_pair_rank_mean,20260922,rg3,0.1,946,473,20,0.021141649048625793,95,1,19,94,0.05,0.010526315789473684,0.4978947368421053,0.020152424050017576,0.4700323974082073,1,94,19,832,0.017391304347826087,0.8805496828752643
baseline__rg3_all_cat_mean,20260922,all,0.1,1913,957,33,0.017250392054364874,192,14,19,178,0.42424242424242425,0.07291666666666667,4.226957070707071,0.13296254407364463,0.7277159896840747,14,178,19,1702,0.12444444444444444,0.8970203868269734
baseline__rg3_all_cat_mean,20260922,cn7,0.1,967,484,13,0.01344364012409514,97,11,2,86,0.8461538461538461,0.1134020618556701,8.435368754956384,0.28626515038456846,0.9333575229801645,11,86,2,868,0.2,0.9089968976215098
baseline__rg3_all_cat_mean,20260922,rg3,0.1,946,473,20,0.021141649048625793,95,3,17,92,0.15,0.031578947368421054,1.4936842105263157,0.028102768677335042,0.5596112311015119,3,92,17,834,0.05217391304347826,0.8847780126849895
baseline__rg3_all_cat_rank_mean,20260922,all,0.1,1913,957,33,0.017250392054364874,192,13,20,179,0.3939393939393939,0.06770833333333333,3.925031565656565,0.10689151158900712,0.7546985815602837,13,179,20,1701,0.11555555555555555,0.8959749085206482
baseline__rg3_all_cat_rank_mean,20260922,cn7,0.1,967,484,13,0.01344364012409514,97,11,2,86,0.8461538461538461,0.1134020618556701,8.435368754956384,0.28626515038456846,0.9333575229801645,11,86,2,868,0.2,0.9089968976215098
baseline__rg3_all_cat_rank_mean,20260922,rg3,0.1,946,473,20,0.021141649048625793,95,2,18,93,0.1,0.021052631578947368,0.9957894736842106,0.026202501743181866,0.5467602591792657,2,93,18,833,0.034782608695652174,0.8826638477801269
fixed_local_logistic_c1__rg3_fixed_cat_event_d2_reg30,20260922,all,0.1,1913,957,33,0.017250392054364874,192,15,18,177,0.45454545454545453,0.078125,4.528882575757575,0.15356212663422072,0.8133381689232754,15,177,18,1703,0.13333333333333333,0.8980658651332984
fixed_local_logistic_c1__rg3_fixed_cat_event_d2_reg30,20260922,cn7,0.1,967,484,13,0.01344364012409514,97,12,1,85,0.9230769230769231,0.12371134020618557,9.202220459952418,0.32557672923748937,0.9654491211094984,12,85,1,869,0.21818181818181817,0.9110651499482937
fixed_local_logistic_c1__rg3_fixed_cat_event_d2_reg30,20260922,rg3,0.1,946,473,20,0.021141649048625793,95,3,17,92,0.15,0.031578947368421054,1.4936842105263157,0.030247809733434966,0.5615550755939525,3,92,17,834,0.05217391304347826,0.8847780126849895
fixed_local_logistic_c1__rg3_fixed_cat_event_d3,20260922,all,0.1,1913,957,33,0.017250392054364874,192,15,18,177,0.45454545454545453,0.078125,4.528882575757575,0.15460591394375564,0.8175451321727918,15,177,18,1703,0.13333333333333333,0.8980658651332984
fixed_local_logistic_c1__rg3_fixed_cat_event_d3,20260922,cn7,0.1,967,484,13,0.01344364012409514,97,12,1,85,0.9230769230769231,0.12371134020618557,9.202220459952418,0.32557672923748937,0.9654491211094984,12,85,1,869,0.21818181818181817,0.9110651499482937
fixed_local_logistic_c1__rg3_fixed_cat_event_d3,20260922,rg3,0.1,946,473,20,0.021141649048625793,95,3,17,92,0.15,0.031578947368421054,1.4936842105263157,0.028971966197200348,0.568682505399568,3,92,17,834,0.05217391304347826,0.8847780126849895
fixed_local_logistic_c1__rg3_fixed_cat_event_engineered,20260922,all,0.1,1913,957,33,0.017250392054364874,192,12,21,180,0.36363636363636365,0.0625,3.62310606060606,0.1459193916943022,0.7880157962604771,12,180,21,1700,0.10666666666666667,0.894929430214323
fixed_local_logistic_c1__rg3_fixed_cat_event_engineered,20260922,cn7,0.1,967,484,13,0.01344364012409514,97,12,1,85,0.9230769230769231,0.12371134020618557,9.202220459952418,0.32557672923748937,0.9654491211094984,12,85,1,869,0.21818181818181817,0.9110651499482937
fixed_local_logistic_c1__rg3_fixed_cat_event_engineered,20260922,rg3,0.1,946,473,20,0.021141649048625793,95,0,20,95,0.0,0.0,0.0,0.020797676692496686,0.4788336933045356,0,95,20,831,0.0,0.8784355179704016
fixed_local_logistic_c1__rg3_fixed_cat_row_d2_reg30,20260922,all,0.1,1913,957,33,0.017250392054364874,192,15,18,177,0.45454545454545453,0.078125,4.528882575757575,0.1585769777600408,0.8211395873629916,15,177,18,1703,0.13333333333333333,0.8980658651332984
fixed_local_logistic_c1__rg3_fixed_cat_row_d2_reg30,20260922,cn7,0.1,967,484,13,0.01344364012409514,97,12,1,85,0.9230769230769231,0.12371134020618557,9.202220459952418,0.32557672923748937,0.9654491211094984,12,85,1,869,0.21818181818181817,0.9110651499482937
fixed_local_logistic_c1__rg3_fixed_cat_row_d2_reg30,20260922,rg3,0.1,946,473,20,0.021141649048625793,95,3,17,92,0.15,0.031578947368421054,1.4936842105263157,0.03524880732538718,0.5866090712742981,3,92,17,834,0.05217391304347826,0.8847780126849895
fixed_local_logistic_c1__rg3_fixed_cat_row_d3,20260922,all,0.1,1913,957,33,0.017250392054364874,192,16,17,176,0.48484848484848486,0.08333333333333333,4.83080808080808,0.1596037190625669,0.8238152804642167,16,176,17,1704,0.14222222222222222,0.8991113434396236
fixed_local_logistic_c1__rg3_fixed_cat_row_d3,20260922,cn7,0.1,967,484,13,0.01344364012409514,97,12,1,85,0.9230769230769231,0.12371134020618557,9.202220459952418,0.32557672923748937,0.9654491211094984,12,85,1,869,0.21818181818181817,0.9110651499482937
fixed_local_logistic_c1__rg3_fixed_cat_row_d3,20260922,rg3,0.1,946,473,20,0.021141649048625793,95,4,16,91,0.2,0.042105263157894736,1.9915789473684211,0.03576800862464288,0.5928725701943844,4,91,16,835,0.06956521739130435,0.8868921775898521
fixed_local_logistic_c1__rg3_fixed_cat_row_engineered,20260922,all,0.1,1913,957,33,0.017250392054364874,192,13,20,179,0.3939393939393939,0.06770833333333333,3.925031565656565,0.14687825880372785,0.7833575112830432,13,179,20,1701,0.11555555555555555,0.8959749085206482
fixed_local_logistic_c1__rg3_fixed_cat_row_engineered,20260922,cn7,0.1,967,484,13,0.01344364012409514,97,12,1,85,0.9230769230769231,0.12371134020618557,9.202220459952418,0.32557672923748937,0.9654491211094984,12,85,1,869,0.21818181818181817,0.9110651499482937
fixed_local_logistic_c1__rg3_fixed_cat_row_engineered,20260922,rg3,0.1,946,473,20,0.021141649048625793,95,1,19,94,0.05,0.010526315789473684,0.4978947368421053,0.020228697788346843,0.4659827213822894,1,94,19,832,0.017391304347826087,0.8805496828752643
fixed_local_logistic_c1__rg3_fixed_local_logistic_c1,20260922,all,0.1,1913,957,33,0.017250392054364874,192,14,19,178,0.42424242424242425,0.07291666666666667,4.226957070707071,0.08725430346405015,0.7819229529335912,14,178,19,1702,0.12444444444444444,0.8970203868269734
fixed_local_logistic_c1__rg3_fixed_local_logistic_c1,20260922,cn7,0.1,967,484,13,0.01344364012409514,97,12,1,85,0.9230769230769231,0.12371134020618557,9.202220459952418,0.32557672923748937,0.9654491211094984,12,85,1,869,0.21818181818181817,0.9110651499482937
fixed_local_logistic_c1__rg3_fixed_local_logistic_c1,20260922,rg3,0.1,946,473,20,0.021141649048625793,95,2,18,93,0.1,0.021052631578947368,0.9957894736842106,0.02230797465288386,0.5004319654427646,2,93,18,833,0.034782608695652174,0.8826638477801269
fixed_local_logistic_c1__rg3_fixed_xgb_row_engineered,20260922,all,0.1,1913,957,33,0.017250392054364874,192,13,20,179,0.3939393939393939,0.06770833333333333,3.925031565656565,0.14760459506876822,0.7738152804642167,13,179,20,1701,0.11555555555555555,0.8959749085206482
fixed_local_logistic_c1__rg3_fixed_xgb_row_engineered,20260922,cn7,0.1,967,484,13,0.01344364012409514,97,12,1,85,0.9230769230769231,0.12371134020618557,9.202220459952418,0.32557672923748937,0.9654491211094984,12,85,1,869,0.21818181818181817,0.9110651499482937
fixed_local_logistic_c1__rg3_fixed_xgb_row_engineered,20260922,rg3,0.1,946,473,20,0.021141649048625793,95,1,19,94,0.05,0.010526315789473684,0.4978947368421053,0.018879440841261204,0.4259179265658747,1,94,19,832,0.017391304347826087,0.8805496828752643
fixed_local_logistic_c1__rg3_cat_pair_mean,20260922,all,0.1,1913,957,33,0.017250392054364874,192,15,18,177,0.45454545454545453,0.078125,4.528882575757575,0.15742070211157572,0.820543197936815,15,177,18,1703,0.13333333333333333,0.8980658651332984
fixed_local_logistic_c1__rg3_cat_pair_mean,20260922,cn7,0.1,967,484,13,0.01344364012409514,97,12,1,85,0.9230769230769231,0.12371134020618557,9.202220459952418,0.32557672923748937,0.9654491211094984,12,85,1,869,0.21818181818181817,0.9110651499482937
fixed_local_logistic_c1__rg3_cat_pair_mean,20260922,rg3,0.1,946,473,20,0.021141649048625793,95,3,17,92,0.15,0.031578947368421054,1.4936842105263157,0.03180559457558067,0.5786177105831533,3,92,17,834,0.05217391304347826,0.8847780126849895
fixed_local_logistic_c1__rg3_cat_pair_rank_mean,20260922,all,0.1,1913,957,33,0.017250392054364874,192,16,17,176,0.48484848484848486,0.08333333333333333,4.83080808080808,0.1030638082812796,0.7975580270793037,16,176,17,1704,0.14222222222222222,0.8991113434396236
fixed_local_logistic_c1__rg3_cat_pair_rank_mean,20260922,cn7,0.1,967,484,13,0.01344364012409514,97,12,1,85,0.9230769230769231,0.12371134020618557,9.202220459952418,0.32557672923748937,0.9654491211094984,12,85,1,869,0.21818181818181817,0.9110651499482937
fixed_local_logistic_c1__rg3_cat_pair_rank_mean,20260922,rg3,0.1,946,473,20,0.021141649048625793,95,4,16,91,0.2,0.042105263157894736,1.9915789473684211,0.0325576661777877,0.5846652267818575,4,91,16,835,0.06956521739130435,0.8868921775898521
fixed_local_logistic_c1__rg3_all_trees_mean,20260922,all,0.1,1913,957,33,0.017250392054364874,192,15,18,177,0.45454545454545453,0.078125,4.528882575757575,0.15369547963066943,0.8114845261121857,15,177,18,1703,0.13333333333333333,0.8980658651332984
fixed_local_logistic_c1__rg3_all_trees_mean,20260922,cn7,0.1,967,484,13,0.01344364012409514,97,12,1,85,0.9230769230769231,0.12371134020618557,9.202220459952418,0.32557672923748937,0.9654491211094984,12,85,1,869,0.21818181818181817,0.9110651499482937
fixed_local_logistic_c1__rg3_all_trees_mean,20260922,rg3,0.1,946,473,20,0.021141649048625793,95,3,17,92,0.15,0.031578947368421054,1.4936842105263157,0.026873199624205896,0.5470842332613391,3,92,17,834,0.05217391304347826,0.8847780126849895
fixed_local_logistic_c1__rg3_all_trees_rank_mean,20260922,all,0.1,1913,957,33,0.017250392054364874,192,14,19,178,0.42424242424242425,0.07291666666666667,4.226957070707071,0.09992591955723357,0.7817617666021922,14,178,19,1702,0.12444444444444444,0.8970203868269734
fixed_local_logistic_c1__rg3_all_trees_rank_mean,20260922,cn7,0.1,967,484,13,0.01344364012409514,97,12,1,85,0.9230769230769231,0.12371134020618557,9.202220459952418,0.32557672923748937,0.9654491211094984,12,85,1,869,0.21818181818181817,0.9110651499482937
fixed_local_logistic_c1__rg3_all_trees_rank_mean,20260922,rg3,0.1,946,473,20,0.021141649048625793,95,2,18,93,0.1,0.021052631578947368,0.9957894736842106,0.025020877822943658,0.5300215982721382,2,93,18,833,0.034782608695652174,0.8826638477801269
fixed_local_logistic_c1__rg3_cat_shallow_pair_mean,20260922,all,0.1,1913,957,33,0.017250392054364874,192,15,18,177,0.45454545454545453,0.078125,4.528882575757575,0.15588698793583528,0.817142166344294,15,177,18,1703,0.13333333333333333,0.8980658651332984
fixed_local_logistic_c1__rg3_cat_shallow_pair_mean,20260922,cn7,0.1,967,484,13,0.01344364012409514,97,12,1,85,0.9230769230769231,0.12371134020618557,9.202220459952418,0.32557672923748937,0.9654491211094984,12,85,1,869,0.21818181818181817,0.9110651499482937
fixed_local_logistic_c1__rg3_cat_shallow_pair_mean,20260922,rg3,0.1,946,473,20,0.021141649048625793,95,3,17,92,0.15,0.031578947368421054,1.4936842105263157,0.03296527293881692,0.5745140388768898,3,92,17,834,0.05217391304347826,0.8847780126849895
fixed_local_logistic_c1__rg3_cat_shallow_pair_rank_mean,20260922,all,0.1,1913,957,33,0.017250392054364874,192,16,17,176,0.48484848484848486,0.08333333333333333,4.83080808080808,0.1013908536481061,0.7938346228239845,16,176,17,1704,0.14222222222222222,0.8991113434396236
fixed_local_logistic_c1__rg3_cat_shallow_pair_rank_mean,20260922,cn7,0.1,967,484,13,0.01344364012409514,97,12,1,85,0.9230769230769231,0.12371134020618557,9.202220459952418,0.32557672923748937,0.9654491211094984,12,85,1,869,0.21818181818181817,0.9110651499482937
fixed_local_logistic_c1__rg3_cat_shallow_pair_rank_mean,20260922,rg3,0.1,946,473,20,0.021141649048625793,95,4,16,91,0.2,0.042105263157894736,1.9915789473684211,0.03339476413961055,0.5748920086393088,4,91,16,835,0.06956521739130435,0.8868921775898521
fixed_local_logistic_c1__rg3_cat_engineered_pair_mean,20260922,all,0.1,1913,957,33,0.017250392054364874,192,13,20,179,0.3939393939393939,0.06770833333333333,3.925031565656565,0.14617197195283455,0.786065441650548,13,179,20,1701,0.11555555555555555,0.8959749085206482
fixed_local_logistic_c1__rg3_cat_engineered_pair_mean,20260922,cn7,0.1,967,484,13,0.01344364012409514,97,12,1,85,0.9230769230769231,0.12371134020618557,9.202220459952418,0.32557672923748937,0.9654491211094984,12,85,1,869,0.21818181818181817,0.9110651499482937
fixed_local_logistic_c1__rg3_cat_engineered_pair_mean,20260922,rg3,0.1,946,473,20,0.021141649048625793,95,1,19,94,0.05,0.010526315789473684,0.4978947368421053,0.02028027610396609,0.4697624190064795,1,94,19,832,0.017391304347826087,0.8805496828752643
fixed_local_logistic_c1__rg3_cat_engineered_pair_rank_mean,20260922,all,0.1,1913,957,33,0.017250392054364874,192,13,20,179,0.3939393939393939,0.06770833333333333,3.925031565656565,0.08712110170765935,0.7596792392005158,13,179,20,1701,0.11555555555555555,0.8959749085206482
fixed_local_logistic_c1__rg3_cat_engineered_pair_rank_mean,20260922,cn7,0.1,967,484,13,0.01344364012409514,97,12,1,85,0.9230769230769231,0.12371134020618557,9.202220459952418,0.32557672923748937,0.9654491211094984,12,85,1,869,0.21818181818181817,0.9110651499482937
fixed_local_logistic_c1__rg3_cat_engineered_pair_rank_mean,20260922,rg3,0.1,946,473,20,0.021141649048625793,95,1,19,94,0.05,0.010526315789473684,0.4978947368421053,0.020152424050017576,0.4700323974082073,1,94,19,832,0.017391304347826087,0.8805496828752643
fixed_local_logistic_c1__rg3_all_cat_mean,20260922,all,0.1,1913,957,33,0.017250392054364874,192,15,18,177,0.45454545454545453,0.078125,4.528882575757575,0.15417725123454873,0.814821083172147,15,177,18,1703,0.13333333333333333,0.8980658651332984
fixed_local_logistic_c1__rg3_all_cat_mean,20260922,cn7,0.1,967,484,13,0.01344364012409514,97,12,1,85,0.9230769230769231,0.12371134020618557,9.202220459952418,0.32557672923748937,0.9654491211094984,12,85,1,869,0.21818181818181817,0.9110651499482937
fixed_local_logistic_c1__rg3_all_cat_mean,20260922,rg3,0.1,946,473,20,0.021141649048625793,95,3,17,92,0.15,0.031578947368421054,1.4936842105263157,0.028102768677335042,0.5596112311015119,3,92,17,834,0.05217391304347826,0.8847780126849895
fixed_local_logistic_c1__rg3_all_cat_rank_mean,20260922,all,0.1,1913,957,33,0.017250392054364874,192,14,19,178,0.42424242424242425,0.07291666666666667,4.226957070707071,0.10051691118285752,0.7864845261121858,14,178,19,1702,0.12444444444444444,0.8970203868269734
fixed_local_logistic_c1__rg3_all_cat_rank_mean,20260922,cn7,0.1,967,484,13,0.01344364012409514,97,12,1,85,0.9230769230769231,0.12371134020618557,9.202220459952418,0.32557672923748937,0.9654491211094984,12,85,1,869,0.21818181818181817,0.9110651499482937
fixed_local_logistic_c1__rg3_all_cat_rank_mean,20260922,rg3,0.1,946,473,20,0.021141649048625793,95,2,18,93,0.1,0.021052631578947368,0.9957894736842106,0.026202501743181866,0.5467602591792657,2,93,18,833,0.034782608695652174,0.8826638477801269
baseline__rg3_fixed_cat_event_d2_reg30,20260923,all,0.1,1913,957,33,0.017250392054364874,192,14,19,178,0.42424242424242425,0.07291666666666667,4.226957070707071,0.13464006968718278,0.7335509348807221,14,178,19,1702,0.12444444444444444,0.8970203868269734
baseline__rg3_fixed_cat_event_d2_reg30,20260923,cn7,0.1,967,484,13,0.01344364012409514,97,11,2,86,0.8461538461538461,0.1134020618556701,8.435368754956384,0.28626515038456846,0.9333575229801645,11,86,2,868,0.2,0.9089968976215098
baseline__rg3_fixed_cat_event_d2_reg30,20260923,rg3,0.1,946,473,20,0.021141649048625793,95,3,17,92,0.15,0.031578947368421054,1.4936842105263157,0.03169432980540124,0.5707343412526997,3,92,17,834,0.05217391304347826,0.8847780126849895
baseline__rg3_fixed_cat_event_d3,20260923,all,0.1,1913,957,33,0.017250392054364874,192,15,18,177,0.45454545454545453,0.078125,4.528882575757575,0.13454313310915422,0.7385799484203739,15,177,18,1703,0.13333333333333333,0.8980658651332984
baseline__rg3_fixed_cat_event_d3,20260923,cn7,0.1,967,484,13,0.01344364012409514,97,11,2,86,0.8461538461538461,0.1134020618556701,8.435368754956384,0.28626515038456846,0.9333575229801645,11,86,2,868,0.2,0.9089968976215098
baseline__rg3_fixed_cat_event_d3,20260923,rg3,0.1,946,473,20,0.021141649048625793,95,4,16,91,0.2,0.042105263157894736,1.9915789473684211,0.03185339703645404,0.5883369330453564,4,91,16,835,0.06956521739130435,0.8868921775898521
baseline__rg3_fixed_cat_event_engineered,20260923,all,0.1,1913,957,33,0.017250392054364874,192,11,22,181,0.3333333333333333,0.057291666666666664,3.321180555555555,0.12785663825894686,0.6971872985170857,11,181,22,1699,0.09777777777777778,0.893883951907998
baseline__rg3_fixed_cat_event_engineered,20260923,cn7,0.1,967,484,13,0.01344364012409514,97,11,2,86,0.8461538461538461,0.1134020618556701,8.435368754956384,0.28626515038456846,0.9333575229801645,11,86,2,868,0.2,0.9089968976215098
baseline__rg3_fixed_cat_event_engineered,20260923,rg3,0.1,946,473,20,0.021141649048625793,95,0,20,95,0.0,0.0,0.0,0.020595139168392028,0.47710583153347724,0,95,20,831,0.0,0.8784355179704016
baseline__rg3_fixed_cat_row_d2_reg30,20260923,all,0.1,1913,957,33,0.017250392054364874,192,13,20,179,0.3939393939393939,0.06770833333333333,3.925031565656565,0.13387377252613458,0.7236540941328177,13,179,20,1701,0.11555555555555555,0.8959749085206482
baseline__rg3_fixed_cat_row_d2_reg30,20260923,cn7,0.1,967,484,13,0.01344364012409514,97,11,2,86,0.8461538461538461,0.1134020618556701,8.435368754956384,0.28626515038456846,0.9333575229801645,11,86,2,868,0.2,0.9089968976215098
baseline__rg3_fixed_cat_row_d2_reg30,20260923,rg3,0.1,946,473,20,0.021141649048625793,95,2,18,93,0.1,0.021052631578947368,0.9957894736842106,0.031233917510460833,0.5664146868250539,2,93,18,833,0.034782608695652174,0.8826638477801269
baseline__rg3_fixed_cat_row_d3,20260923,all,0.1,1913,957,33,0.017250392054364874,192,15,18,177,0.45454545454545453,0.078125,4.528882575757575,0.1336326243443371,0.7080190199871049,15,177,18,1703,0.13333333333333333,0.8980658651332984
baseline__rg3_fixed_cat_row_d3,20260923,cn7,0.1,967,484,13,0.01344364012409514,97,11,2,86,0.8461538461538461,0.1134020618556701,8.435368754956384,0.28626515038456846,0.9333575229801645,11,86,2,868,0.2,0.9089968976215098
baseline__rg3_fixed_cat_row_d3,20260923,rg3,0.1,946,473,20,0.021141649048625793,95,4,16,91,0.2,0.042105263157894736,1.9915789473684211,0.03254894221632199,0.5588552915766738,4,91,16,835,0.06956521739130435,0.8868921775898521
baseline__rg3_fixed_cat_row_engineered,20260923,all,0.1,1913,957,33,0.017250392054364874,192,11,22,181,0.3333333333333333,0.057291666666666664,3.321180555555555,0.12810824854301303,0.693028691166989,11,181,22,1699,0.09777777777777778,0.893883951907998
baseline__rg3_fixed_cat_row_engineered,20260923,cn7,0.1,967,484,13,0.01344364012409514,97,11,2,86,0.8461538461538461,0.1134020618556701,8.435368754956384,0.28626515038456846,0.9333575229801645,11,86,2,868,0.2,0.9089968976215098
baseline__rg3_fixed_cat_row_engineered,20260923,rg3,0.1,946,473,20,0.021141649048625793,95,0,20,95,0.0,0.0,0.0,0.02118862091505657,0.4960043196544276,0,95,20,831,0.0,0.8784355179704016
baseline__rg3_fixed_local_logistic_c1,20260923,all,0.1,1913,957,33,0.017250392054364874,192,13,20,179,0.3939393939393939,0.06770833333333333,3.925031565656565,0.0678579741892028,0.7327450032237266,13,179,20,1701,0.11555555555555555,0.8959749085206482
baseline__rg3_fixed_local_logistic_c1,20260923,cn7,0.1,967,484,13,0.01344364012409514,97,11,2,86,0.8461538461538461,0.1134020618556701,8.435368754956384,0.28626515038456846,0.9333575229801645,11,86,2,868,0.2,0.9089968976215098
baseline__rg3_fixed_local_logistic_c1,20260923,rg3,0.1,946,473,20,0.021141649048625793,95,2,18,93,0.1,0.021052631578947368,0.9957894736842106,0.02230797465288386,0.5004319654427646,2,93,18,833,0.034782608695652174,0.8826638477801269
baseline__rg3_fixed_xgb_row_engineered,20260923,all,0.1,1913,957,33,0.017250392054364874,192,12,21,180,0.36363636363636365,0.0625,3.62310606060606,0.12703195009064353,0.6526353965183752,12,180,21,1700,0.10666666666666667,0.894929430214323
baseline__rg3_fixed_xgb_row_engineered,20260923,cn7,0.1,967,484,13,0.01344364012409514,97,11,2,86,0.8461538461538461,0.1134020618556701,8.435368754956384,0.28626515038456846,0.9333575229801645,11,86,2,868,0.2,0.9089968976215098
baseline__rg3_fixed_xgb_row_engineered,20260923,rg3,0.1,946,473,20,0.021141649048625793,95,1,19,94,0.05,0.010526315789473684,0.4978947368421053,0.018199671279800943,0.41263498920086394,1,94,19,832,0.017391304347826087,0.8805496828752643
baseline__rg3_cat_pair_mean,20260923,all,0.1,1913,957,33,0.017250392054364874,192,15,18,177,0.45454545454545453,0.078125,4.528882575757575,0.13427575396398927,0.7272001934235977,15,177,18,1703,0.13333333333333333,0.8980658651332984
baseline__rg3_cat_pair_mean,20260923,cn7,0.1,967,484,13,0.01344364012409514,97,11,2,86,0.8461538461538461,0.1134020618556701,8.435368754956384,0.28626515038456846,0.9333575229801645,11,86,2,868,0.2,0.9089968976215098
baseline__rg3_cat_pair_mean,20260923,rg3,0.1,946,473,20,0.021141649048625793,95,4,16,91,0.2,0.042105263157894736,1.9915789473684211,0.032591820518811876,0.5774298056155508,4,91,16,835,0.06956521739130435,0.8868921775898521
baseline__rg3_cat_pair_rank_mean,20260923,all,0.1,1913,957,33,0.017250392054364874,192,16,17,176,0.48484848484848486,0.08333333333333333,4.83080808080808,0.11107580970511301,0.7619197292069633,16,176,17,1704,0.14222222222222222,0.8991113434396236
baseline__rg3_cat_pair_rank_mean,20260923,cn7,0.1,967,484,13,0.01344364012409514,97,11,2,86,0.8461538461538461,0.1134020618556701,8.435368754956384,0.28626515038456846,0.9333575229801645,11,86,2,868,0.2,0.9089968976215098
baseline__rg3_cat_pair_rank_mean,20260923,rg3,0.1,946,473,20,0.021141649048625793,95,5,15,90,0.25,0.05263157894736842,2.4894736842105263,0.03215783346097993,0.5748380129589633,5,90,15,836,0.08695652173913043,0.8890063424947146
baseline__rg3_all_trees_mean,20260923,all,0.1,1913,957,33,0.017250392054364874,192,13,20,179,0.3939393939393939,0.06770833333333333,3.925031565656565,0.13244939754086604,0.7235896196002579,13,179,20,1701,0.11555555555555555,0.8959749085206482
baseline__rg3_all_trees_mean,20260923,cn7,0.1,967,484,13,0.01344364012409514,97,11,2,86,0.8461538461538461,0.1134020618556701,8.435368754956384,0.28626515038456846,0.9333575229801645,11,86,2,868,0.2,0.9089968976215098
baseline__rg3_all_trees_mean,20260923,rg3,0.1,946,473,20,0.021141649048625793,95,2,18,93,0.1,0.021052631578947368,0.9957894736842106,0.02704627085745029,0.5461123110151187,2,93,18,833,0.034782608695652174,0.8826638477801269
baseline__rg3_all_trees_rank_mean,20260923,all,0.1,1913,957,33,0.017250392054364874,192,13,20,179,0.3939393939393939,0.06770833333333333,3.925031565656565,0.10575834040364997,0.7524419729206964,13,179,20,1701,0.11555555555555555,0.8959749085206482
baseline__rg3_all_trees_rank_mean,20260923,cn7,0.1,967,484,13,0.01344364012409514,97,11,2,86,0.8461538461538461,0.1134020618556701,8.435368754956384,0.28626515038456846,0.9333575229801645,11,86,2,868,0.2,0.9089968976215098
baseline__rg3_all_trees_rank_mean,20260923,rg3,0.1,946,473,20,0.021141649048625793,95,2,18,93,0.1,0.021052631578947368,0.9957894736842106,0.024835151088572517,0.530183585313175,2,93,18,833,0.034782608695652174,0.8826638477801269
baseline__rg3_cat_shallow_pair_mean,20260923,all,0.1,1913,957,33,0.017250392054364874,192,13,20,179,0.3939393939393939,0.06770833333333333,3.925031565656565,0.1346244913657198,0.7295857511283043,13,179,20,1701,0.11555555555555555,0.8959749085206482
baseline__rg3_cat_shallow_pair_mean,20260923,cn7,0.1,967,484,13,0.01344364012409514,97,11,2,86,0.8461538461538461,0.1134020618556701,8.435368754956384,0.28626515038456846,0.9333575229801645,11,86,2,868,0.2,0.9089968976215098
baseline__rg3_cat_shallow_pair_mean,20260923,rg3,0.1,946,473,20,0.021141649048625793,95,2,18,93,0.1,0.021052631578947368,0.9957894736842106,0.03232360698122365,0.5694384449244061,2,93,18,833,0.034782608695652174,0.8826638477801269
baseline__rg3_cat_shallow_pair_rank_mean,20260923,all,0.1,1913,957,33,0.017250392054364874,192,15,18,177,0.45454545454545453,0.078125,4.528882575757575,0.11071694596722377,0.7551660219213411,15,177,18,1703,0.13333333333333333,0.8980658651332984
baseline__rg3_cat_shallow_pair_rank_mean,20260923,cn7,0.1,967,484,13,0.01344364012409514,97,11,2,86,0.8461538461538461,0.1134020618556701,8.435368754956384,0.28626515038456846,0.9333575229801645,11,86,2,868,0.2,0.9089968976215098
baseline__rg3_cat_shallow_pair_rank_mean,20260923,rg3,0.1,946,473,20,0.021141649048625793,95,4,16,91,0.2,0.042105263157894736,1.9915789473684211,0.03226750305366794,0.5693304535637149,4,91,16,835,0.06956521739130435,0.8868921775898521
baseline__rg3_cat_engineered_pair_mean,20260923,all,0.1,1913,957,33,0.017250392054364874,192,11,22,181,0.3333333333333333,0.057291666666666664,3.321180555555555,0.1281437133332242,0.6968971631205674,11,181,22,1699,0.09777777777777778,0.893883951907998
baseline__rg3_cat_engineered_pair_mean,20260923,cn7,0.1,967,484,13,0.01344364012409514,97,11,2,86,0.8461538461538461,0.1134020618556701,8.435368754956384,0.28626515038456846,0.9333575229801645,11,86,2,868,0.2,0.9089968976215098
baseline__rg3_cat_engineered_pair_mean,20260923,rg3,0.1,946,473,20,0.021141649048625793,95,0,20,95,0.0,0.0,0.0,0.02086290740830969,0.4846652267818574,0,95,20,831,0.0,0.8784355179704016
baseline__rg3_cat_engineered_pair_rank_mean,20260923,all,0.1,1913,957,33,0.017250392054364874,192,11,22,181,0.3333333333333333,0.057291666666666664,3.321180555555555,0.09705928570877845,0.7324709864603481,11,181,22,1699,0.09777777777777778,0.893883951907998
baseline__rg3_cat_engineered_pair_rank_mean,20260923,cn7,0.1,967,484,13,0.01344364012409514,97,11,2,86,0.8461538461538461,0.1134020618556701,8.435368754956384,0.28626515038456846,0.9333575229801645,11,86,2,868,0.2,0.9089968976215098
baseline__rg3_cat_engineered_pair_rank_mean,20260923,rg3,0.1,946,473,20,0.021141649048625793,95,0,20,95,0.0,0.0,0.0,0.02064440850522577,0.4869870410367171,0,95,20,831,0.0,0.8784355179704016
baseline__rg3_all_cat_mean,20260923,all,0.1,1913,957,33,0.017250392054364874,192,13,20,179,0.3939393939393939,0.06770833333333333,3.925031565656565,0.13294894534352866,0.7285219213410702,13,179,20,1701,0.11555555555555555,0.8959749085206482
baseline__rg3_all_cat_mean,20260923,cn7,0.1,967,484,13,0.01344364012409514,97,11,2,86,0.8461538461538461,0.1134020618556701,8.435368754956384,0.28626515038456846,0.9333575229801645,11,86,2,868,0.2,0.9089968976215098
baseline__rg3_all_cat_mean,20260923,rg3,0.1,946,473,20,0.021141649048625793,95,2,18,93,0.1,0.021052631578947368,0.9957894736842106,0.028151514258041216,0.5585313174946004,2,93,18,833,0.034782608695652174,0.8826638477801269
baseline__rg3_all_cat_rank_mean,20260923,all,0.1,1913,957,33,0.017250392054364874,192,14,19,178,0.42424242424242425,0.07291666666666667,4.226957070707071,0.10652935072415506,0.757648291424887,14,178,19,1702,0.12444444444444444,0.8970203868269734
baseline__rg3_all_cat_rank_mean,20260923,cn7,0.1,967,484,13,0.01344364012409514,97,11,2,86,0.8461538461538461,0.1134020618556701,8.435368754956384,0.28626515038456846,0.9333575229801645,11,86,2,868,0.2,0.9089968976215098
baseline__rg3_all_cat_rank_mean,20260923,rg3,0.1,946,473,20,0.021141649048625793,95,3,17,92,0.15,0.031578947368421054,1.4936842105263157,0.026444352931553335,0.5514578833693304,3,92,17,834,0.05217391304347826,0.8847780126849895
fixed_local_logistic_c1__rg3_fixed_cat_event_d2_reg30,20260923,all,0.1,1913,957,33,0.017250392054364874,192,15,18,177,0.45454545454545453,0.078125,4.528882575757575,0.15510306233443336,0.8159816247582206,15,177,18,1703,0.13333333333333333,0.8980658651332984
fixed_local_logistic_c1__rg3_fixed_cat_event_d2_reg30,20260923,cn7,0.1,967,484,13,0.01344364012409514,97,12,1,85,0.9230769230769231,0.12371134020618557,9.202220459952418,0.32557672923748937,0.9654491211094984,12,85,1,869,0.21818181818181817,0.9110651499482937
fixed_local_logistic_c1__rg3_fixed_cat_event_d2_reg30,20260923,rg3,0.1,946,473,20,0.021141649048625793,95,3,17,92,0.15,0.031578947368421054,1.4936842105263157,0.03169432980540124,0.5707343412526997,3,92,17,834,0.05217391304347826,0.8847780126849895
fixed_local_logistic_c1__rg3_fixed_cat_event_d3,20260923,all,0.1,1913,957,33,0.017250392054364874,192,16,17,176,0.48484848484848486,0.08333333333333333,4.83080808080808,0.15668367151327633,0.8237185686653772,16,176,17,1704,0.14222222222222222,0.8991113434396236
fixed_local_logistic_c1__rg3_fixed_cat_event_d3,20260923,cn7,0.1,967,484,13,0.01344364012409514,97,12,1,85,0.9230769230769231,0.12371134020618557,9.202220459952418,0.32557672923748937,0.9654491211094984,12,85,1,869,0.21818181818181817,0.9110651499482937
fixed_local_logistic_c1__rg3_fixed_cat_event_d3,20260923,rg3,0.1,946,473,20,0.021141649048625793,95,4,16,91,0.2,0.042105263157894736,1.9915789473684211,0.03185339703645404,0.5883369330453564,4,91,16,835,0.06956521739130435,0.8868921775898521
fixed_local_logistic_c1__rg3_fixed_cat_event_engineered,20260923,all,0.1,1913,957,33,0.017250392054364874,192,12,21,180,0.36363636363636365,0.0625,3.62310606060606,0.14524912279271537,0.7874032882011606,12,180,21,1700,0.10666666666666667,0.894929430214323
fixed_local_logistic_c1__rg3_fixed_cat_event_engineered,20260923,cn7,0.1,967,484,13,0.01344364012409514,97,12,1,85,0.9230769230769231,0.12371134020618557,9.202220459952418,0.32557672923748937,0.9654491211094984,12,85,1,869,0.21818181818181817,0.9110651499482937
fixed_local_logistic_c1__rg3_fixed_cat_event_engineered,20260923,rg3,0.1,946,473,20,0.021141649048625793,95,0,20,95,0.0,0.0,0.0,0.020595139168392028,0.47710583153347724,0,95,20,831,0.0,0.8784355179704016
fixed_local_logistic_c1__rg3_fixed_cat_row_d2_reg30,20260923,all,0.1,1913,957,33,0.017250392054364874,192,14,19,178,0.42424242424242425,0.07291666666666667,4.226957070707071,0.15520453746698062,0.81427304964539,14,178,19,1702,0.12444444444444444,0.8970203868269734
fixed_local_logistic_c1__rg3_fixed_cat_row_d2_reg30,20260923,cn7,0.1,967,484,13,0.01344364012409514,97,12,1,85,0.9230769230769231,0.12371134020618557,9.202220459952418,0.32557672923748937,0.9654491211094984,12,85,1,869,0.21818181818181817,0.9110651499482937
fixed_local_logistic_c1__rg3_fixed_cat_row_d2_reg30,20260923,rg3,0.1,946,473,20,0.021141649048625793,95,2,18,93,0.1,0.021052631578947368,0.9957894736842106,0.031233917510460833,0.5664146868250539,2,93,18,833,0.034782608695652174,0.8826638477801269
fixed_local_logistic_c1__rg3_fixed_cat_row_d3,20260923,all,0.1,1913,957,33,0.017250392054364874,192,16,17,176,0.48484848484848486,0.08333333333333333,4.83080808080808,0.15747988799140994,0.8120164410058026,16,176,17,1704,0.14222222222222222,0.8991113434396236
fixed_local_logistic_c1__rg3_fixed_cat_row_d3,20260923,cn7,0.1,967,484,13,0.01344364012409514,97,12,1,85,0.9230769230769231,0.12371134020618557,9.202220459952418,0.32557672923748937,0.9654491211094984,12,85,1,869,0.21818181818181817,0.9110651499482937
fixed_local_logistic_c1__rg3_fixed_cat_row_d3,20260923,rg3,0.1,946,473,20,0.021141649048625793,95,4,16,91,0.2,0.042105263157894736,1.9915789473684211,0.03254894221632199,0.5588552915766738,4,91,16,835,0.06956521739130435,0.8868921775898521
fixed_local_logistic_c1__rg3_fixed_cat_row_engineered,20260923,all,0.1,1913,957,33,0.017250392054364874,192,12,21,180,0.36363636363636365,0.0625,3.62310606060606,0.14699816308825206,0.7938346228239845,12,180,21,1700,0.10666666666666667,0.894929430214323
fixed_local_logistic_c1__rg3_fixed_cat_row_engineered,20260923,cn7,0.1,967,484,13,0.01344364012409514,97,12,1,85,0.9230769230769231,0.12371134020618557,9.202220459952418,0.32557672923748937,0.9654491211094984,12,85,1,869,0.21818181818181817,0.9110651499482937
fixed_local_logistic_c1__rg3_fixed_cat_row_engineered,20260923,rg3,0.1,946,473,20,0.021141649048625793,95,0,20,95,0.0,0.0,0.0,0.02118862091505657,0.4960043196544276,0,95,20,831,0.0,0.8784355179704016
fixed_local_logistic_c1__rg3_fixed_local_logistic_c1,20260923,all,0.1,1913,957,33,0.017250392054364874,192,14,19,178,0.42424242424242425,0.07291666666666667,4.226957070707071,0.08725430346405015,0.7819229529335912,14,178,19,1702,0.12444444444444444,0.8970203868269734
fixed_local_logistic_c1__rg3_fixed_local_logistic_c1,20260923,cn7,0.1,967,484,13,0.01344364012409514,97,12,1,85,0.9230769230769231,0.12371134020618557,9.202220459952418,0.32557672923748937,0.9654491211094984,12,85,1,869,0.21818181818181817,0.9110651499482937
fixed_local_logistic_c1__rg3_fixed_local_logistic_c1,20260923,rg3,0.1,946,473,20,0.021141649048625793,95,2,18,93,0.1,0.021052631578947368,0.9957894736842106,0.02230797465288386,0.5004319654427646,2,93,18,833,0.034782608695652174,0.8826638477801269
fixed_local_logistic_c1__rg3_fixed_xgb_row_engineered,20260923,all,0.1,1913,957,33,0.017250392054364874,192,13,20,179,0.3939393939393939,0.06770833333333333,3.925031565656565,0.1471400132428931,0.769092520954223,13,179,20,1701,0.11555555555555555,0.8959749085206482
fixed_local_logistic_c1__rg3_fixed_xgb_row_engineered,20260923,cn7,0.1,967,484,13,0.01344364012409514,97,12,1,85,0.9230769230769231,0.12371134020618557,9.202220459952418,0.32557672923748937,0.9654491211094984,12,85,1,869,0.21818181818181817,0.9110651499482937
fixed_local_logistic_c1__rg3_fixed_xgb_row_engineered,20260923,rg3,0.1,946,473,20,0.021141649048625793,95,1,19,94,0.05,0.010526315789473684,0.4978947368421053,0.018199671279800943,0.41263498920086394,1,94,19,832,0.017391304347826087,0.8805496828752643
fixed_local_logistic_c1__rg3_cat_pair_mean,20260923,all,0.1,1913,957,33,0.017250392054364874,192,16,17,176,0.48484848484848486,0.08333333333333333,4.83080808080808,0.1571601254287832,0.8197533849129593,16,176,17,1704,0.14222222222222222,0.8991113434396236
fixed_local_logistic_c1__rg3_cat_pair_mean,20260923,cn7,0.1,967,484,13,0.01344364012409514,97,12,1,85,0.9230769230769231,0.12371134020618557,9.202220459952418,0.32557672923748937,0.9654491211094984,12,85,1,869,0.21818181818181817,0.9110651499482937
fixed_local_logistic_c1__rg3_cat_pair_mean,20260923,rg3,0.1,946,473,20,0.021141649048625793,95,4,16,91,0.2,0.042105263157894736,1.9915789473684211,0.032591820518811876,0.5774298056155508,4,91,16,835,0.06956521739130435,0.8868921775898521
fixed_local_logistic_c1__rg3_cat_pair_rank_mean,20260923,all,0.1,1913,957,33,0.017250392054364874,192,17,16,175,0.5151515151515151,0.08854166666666667,5.132733585858586,0.09911264784435664,0.7943181818181819,17,175,16,1705,0.1511111111111111,0.9001568217459488
fixed_local_logistic_c1__rg3_cat_pair_rank_mean,20260923,cn7,0.1,967,484,13,0.01344364012409514,97,12,1,85,0.9230769230769231,0.12371134020618557,9.202220459952418,0.32557672923748937,0.9654491211094984,12,85,1,869,0.21818181818181817,0.9110651499482937
fixed_local_logistic_c1__rg3_cat_pair_rank_mean,20260923,rg3,0.1,946,473,20,0.021141649048625793,95,5,15,90,0.25,0.05263157894736842,2.4894736842105263,0.03215783346097993,0.5748380129589633,5,90,15,836,0.08695652173913043,0.8890063424947146
fixed_local_logistic_c1__rg3_all_trees_mean,20260923,all,0.1,1913,957,33,0.017250392054364874,192,14,19,178,0.42424242424242425,0.07291666666666667,4.226957070707071,0.15321204035495706,0.8110493230174081,14,178,19,1702,0.12444444444444444,0.8970203868269734
fixed_local_logistic_c1__rg3_all_trees_mean,20260923,cn7,0.1,967,484,13,0.01344364012409514,97,12,1,85,0.9230769230769231,0.12371134020618557,9.202220459952418,0.32557672923748937,0.9654491211094984,12,85,1,869,0.21818181818181817,0.9110651499482937
fixed_local_logistic_c1__rg3_all_trees_mean,20260923,rg3,0.1,946,473,20,0.021141649048625793,95,2,18,93,0.1,0.021052631578947368,0.9957894736842106,0.02704627085745029,0.5461123110151187,2,93,18,833,0.034782608695652174,0.8826638477801269
fixed_local_logistic_c1__rg3_all_trees_rank_mean,20260923,all,0.1,1913,957,33,0.017250392054364874,192,14,19,178,0.42424242424242425,0.07291666666666667,4.226957070707071,0.09899033295045905,0.7816489361702128,14,178,19,1702,0.12444444444444444,0.8970203868269734
fixed_local_logistic_c1__rg3_all_trees_rank_mean,20260923,cn7,0.1,967,484,13,0.01344364012409514,97,12,1,85,0.9230769230769231,0.12371134020618557,9.202220459952418,0.32557672923748937,0.9654491211094984,12,85,1,869,0.21818181818181817,0.9110651499482937
fixed_local_logistic_c1__rg3_all_trees_rank_mean,20260923,rg3,0.1,946,473,20,0.021141649048625793,95,2,18,93,0.1,0.021052631578947368,0.9957894736842106,0.024835151088572517,0.530183585313175,2,93,18,833,0.034782608695652174,0.8826638477801269
fixed_local_logistic_c1__rg3_cat_shallow_pair_mean,20260923,all,0.1,1913,957,33,0.017250392054364874,192,14,19,178,0.42424242424242425,0.07291666666666667,4.226957070707071,0.15619466868698836,0.8162072856221791,14,178,19,1702,0.12444444444444444,0.8970203868269734
fixed_local_logistic_c1__rg3_cat_shallow_pair_mean,20260923,cn7,0.1,967,484,13,0.01344364012409514,97,12,1,85,0.9230769230769231,0.12371134020618557,9.202220459952418,0.32557672923748937,0.9654491211094984,12,85,1,869,0.21818181818181817,0.9110651499482937
fixed_local_logistic_c1__rg3_cat_shallow_pair_mean,20260923,rg3,0.1,946,473,20,0.021141649048625793,95,2,18,93,0.1,0.021052631578947368,0.9957894736842106,0.03232360698122365,0.5694384449244061,2,93,18,833,0.034782608695652174,0.8826638477801269
fixed_local_logistic_c1__rg3_cat_shallow_pair_rank_mean,20260923,all,0.1,1913,957,33,0.017250392054364874,192,16,17,176,0.48484848484848486,0.08333333333333333,4.83080808080808,0.09948213003646841,0.791980980012895,16,176,17,1704,0.14222222222222222,0.8991113434396236
fixed_local_logistic_c1__rg3_cat_shallow_pair_rank_mean,20260923,cn7,0.1,967,484,13,0.01344364012409514,97,12,1,85,0.9230769230769231,0.12371134020618557,9.202220459952418,0.32557672923748937,0.9654491211094984,12,85,1,869,0.21818181818181817,0.9110651499482937
fixed_local_logistic_c1__rg3_cat_shallow_pair_rank_mean,20260923,rg3,0.1,946,473,20,0.021141649048625793,95,4,16,91,0.2,0.042105263157894736,1.9915789473684211,0.03226750305366794,0.5693304535637149,4,91,16,835,0.06956521739130435,0.8868921775898521
fixed_local_logistic_c1__rg3_cat_engineered_pair_mean,20260923,all,0.1,1913,957,33,0.017250392054364874,192,12,21,180,0.36363636363636365,0.0625,3.62310606060606,0.14610940075926473,0.7902079303675049,12,180,21,1700,0.10666666666666667,0.894929430214323
fixed_local_logistic_c1__rg3_cat_engineered_pair_mean,20260923,cn7,0.1,967,484,13,0.01344364012409514,97,12,1,85,0.9230769230769231,0.12371134020618557,9.202220459952418,0.32557672923748937,0.9654491211094984,12,85,1,869,0.21818181818181817,0.9110651499482937
fixed_local_logistic_c1__rg3_cat_engineered_pair_mean,20260923,rg3,0.1,946,473,20,0.021141649048625793,95,0,20,95,0.0,0.0,0.0,0.02086290740830969,0.4846652267818574,0,95,20,831,0.0,0.8784355179704016
fixed_local_logistic_c1__rg3_cat_engineered_pair_rank_mean,20260923,all,0.1,1913,957,33,0.017250392054364874,192,12,21,180,0.36363636363636365,0.0625,3.62310606060606,0.08154081996337363,0.765707607994842,12,180,21,1700,0.10666666666666667,0.894929430214323
fixed_local_logistic_c1__rg3_cat_engineered_pair_rank_mean,20260923,cn7,0.1,967,484,13,0.01344364012409514,97,12,1,85,0.9230769230769231,0.12371134020618557,9.202220459952418,0.32557672923748937,0.9654491211094984,12,85,1,869,0.21818181818181817,0.9110651499482937
fixed_local_logistic_c1__rg3_cat_engineered_pair_rank_mean,20260923,rg3,0.1,946,473,20,0.021141649048625793,95,0,20,95,0.0,0.0,0.0,0.02064440850522577,0.4869870410367171,0,95,20,831,0.0,0.8784355179704016
fixed_local_logistic_c1__rg3_all_cat_mean,20260923,all,0.1,1913,957,33,0.017250392054364874,192,14,19,178,0.42424242424242425,0.07291666666666667,4.226957070707071,0.1537876730720048,0.81427304964539,14,178,19,1702,0.12444444444444444,0.8970203868269734
fixed_local_logistic_c1__rg3_all_cat_mean,20260923,cn7,0.1,967,484,13,0.01344364012409514,97,12,1,85,0.9230769230769231,0.12371134020618557,9.202220459952418,0.32557672923748937,0.9654491211094984,12,85,1,869,0.21818181818181817,0.9110651499482937
fixed_local_logistic_c1__rg3_all_cat_mean,20260923,rg3,0.1,946,473,20,0.021141649048625793,95,2,18,93,0.1,0.021052631578947368,0.9957894736842106,0.028151514258041216,0.5585313174946004,2,93,18,833,0.034782608695652174,0.8826638477801269
fixed_local_logistic_c1__rg3_all_cat_rank_mean,20260923,all,0.1,1913,957,33,0.017250392054364874,192,15,18,177,0.45454545454545453,0.078125,4.528882575757575,0.10045780648933895,0.7882092198581561,15,177,18,1703,0.13333333333333333,0.8980658651332984
fixed_local_logistic_c1__rg3_all_cat_rank_mean,20260923,cn7,0.1,967,484,13,0.01344364012409514,97,12,1,85,0.9230769230769231,0.12371134020618557,9.202220459952418,0.32557672923748937,0.9654491211094984,12,85,1,869,0.21818181818181817,0.9110651499482937
fixed_local_logistic_c1__rg3_all_cat_rank_mean,20260923,rg3,0.1,946,473,20,0.021141649048625793,95,3,17,92,0.15,0.031578947368421054,1.4936842105263157,0.026444352931553335,0.5514578833693304,3,92,17,834,0.05217391304347826,0.8847780126849895
baseline__rg3_fixed_cat_event_d2_reg30,20260924,all,0.1,1913,957,33,0.017250392054364874,192,13,20,179,0.3939393939393939,0.06770833333333333,3.925031565656565,0.13359590213088562,0.7324226305609283,13,179,20,1701,0.11555555555555555,0.8959749085206482
baseline__rg3_fixed_cat_event_d2_reg30,20260924,cn7,0.1,967,484,13,0.01344364012409514,97,11,2,86,0.8461538461538461,0.1134020618556701,8.435368754956384,0.28626515038456846,0.9333575229801645,11,86,2,868,0.2,0.9089968976215098
baseline__rg3_fixed_cat_event_d2_reg30,20260924,rg3,0.1,946,473,20,0.021141649048625793,95,2,18,93,0.1,0.021052631578947368,0.9957894736842106,0.029816973822496165,0.5632829373650108,2,93,18,833,0.034782608695652174,0.8826638477801269
baseline__rg3_fixed_cat_event_d3,20260924,all,0.1,1913,957,33,0.017250392054364874,192,15,18,177,0.45454545454545453,0.078125,4.528882575757575,0.1341679009075057,0.7313588007736944,15,177,18,1703,0.13333333333333333,0.8980658651332984
baseline__rg3_fixed_cat_event_d3,20260924,cn7,0.1,967,484,13,0.01344364012409514,97,11,2,86,0.8461538461538461,0.1134020618556701,8.435368754956384,0.28626515038456846,0.9333575229801645,11,86,2,868,0.2,0.9089968976215098
baseline__rg3_fixed_cat_event_d3,20260924,rg3,0.1,946,473,20,0.021141649048625793,95,4,16,91,0.2,0.042105263157894736,1.9915789473684211,0.03223991404752173,0.5742980561555076,4,91,16,835,0.06956521739130435,0.8868921775898521
baseline__rg3_fixed_cat_event_engineered,20260924,all,0.1,1913,957,33,0.017250392054364874,192,12,21,180,0.36363636363636365,0.0625,3.62310606060606,0.1277317085727835,0.6873549323017407,12,180,21,1700,0.10666666666666667,0.894929430214323
baseline__rg3_fixed_cat_event_engineered,20260924,cn7,0.1,967,484,13,0.01344364012409514,97,11,2,86,0.8461538461538461,0.1134020618556701,8.435368754956384,0.28626515038456846,0.9333575229801645,11,86,2,868,0.2,0.9089968976215098
baseline__rg3_fixed_cat_event_engineered,20260924,rg3,0.1,946,473,20,0.021141649048625793,95,1,19,94,0.05,0.010526315789473684,0.4978947368421053,0.019868429349544123,0.455939524838013,1,94,19,832,0.017391304347826087,0.8805496828752643
baseline__rg3_fixed_cat_row_d2_reg30,20260924,all,0.1,1913,957,33,0.017250392054364874,192,15,18,177,0.45454545454545453,0.078125,4.528882575757575,0.13560022581636097,0.7347437137330755,15,177,18,1703,0.13333333333333333,0.8980658651332984
baseline__rg3_fixed_cat_row_d2_reg30,20260924,cn7,0.1,967,484,13,0.01344364012409514,97,11,2,86,0.8461538461538461,0.1134020618556701,8.435368754956384,0.28626515038456846,0.9333575229801645,11,86,2,868,0.2,0.9089968976215098
baseline__rg3_fixed_cat_row_d2_reg30,20260924,rg3,0.1,946,473,20,0.021141649048625793,95,4,16,91,0.2,0.042105263157894736,1.9915789473684211,0.03521018954846067,0.5889848812095031,4,91,16,835,0.06956521739130435,0.8868921775898521
baseline__rg3_fixed_cat_row_d3,20260924,all,0.1,1913,957,33,0.017250392054364874,192,14,19,178,0.42424242424242425,0.07291666666666667,4.226957070707071,0.13500802423748748,0.7191086395873629,14,178,19,1702,0.12444444444444444,0.8970203868269734
baseline__rg3_fixed_cat_row_d3,20260924,cn7,0.1,967,484,13,0.01344364012409514,97,11,2,86,0.8461538461538461,0.1134020618556701,8.435368754956384,0.28626515038456846,0.9333575229801645,11,86,2,868,0.2,0.9089968976215098
baseline__rg3_fixed_cat_row_d3,20260924,rg3,0.1,946,473,20,0.021141649048625793,95,3,17,92,0.15,0.031578947368421054,1.4936842105263157,0.03669397380407703,0.5816414686825053,3,92,17,834,0.05217391304347826,0.8847780126849895
baseline__rg3_fixed_cat_row_engineered,20260924,all,0.1,1913,957,33,0.017250392054364874,192,12,21,180,0.36363636363636365,0.0625,3.62310606060606,0.1282770376281708,0.6873549323017408,12,180,21,1700,0.10666666666666667,0.894929430214323
baseline__rg3_fixed_cat_row_engineered,20260924,cn7,0.1,967,484,13,0.01344364012409514,97,11,2,86,0.8461538461538461,0.1134020618556701,8.435368754956384,0.28626515038456846,0.9333575229801645,11,86,2,868,0.2,0.9089968976215098
baseline__rg3_fixed_cat_row_engineered,20260924,rg3,0.1,946,473,20,0.021141649048625793,95,1,19,94,0.05,0.010526315789473684,0.4978947368421053,0.021352802498069593,0.49071274298056156,1,94,19,832,0.017391304347826087,0.8805496828752643
baseline__rg3_fixed_local_logistic_c1,20260924,all,0.1,1913,957,33,0.017250392054364874,192,13,20,179,0.3939393939393939,0.06770833333333333,3.925031565656565,0.0678579741892028,0.7327450032237266,13,179,20,1701,0.11555555555555555,0.8959749085206482
baseline__rg3_fixed_local_logistic_c1,20260924,cn7,0.1,967,484,13,0.01344364012409514,97,11,2,86,0.8461538461538461,0.1134020618556701,8.435368754956384,0.28626515038456846,0.9333575229801645,11,86,2,868,0.2,0.9089968976215098
baseline__rg3_fixed_local_logistic_c1,20260924,rg3,0.1,946,473,20,0.021141649048625793,95,2,18,93,0.1,0.021052631578947368,0.9957894736842106,0.02230797465288386,0.5004319654427646,2,93,18,833,0.034782608695652174,0.8826638477801269
baseline__rg3_fixed_xgb_row_engineered,20260924,all,0.1,1913,957,33,0.017250392054364874,192,12,21,180,0.36363636363636365,0.0625,3.62310606060606,0.12729402301264808,0.6690119277885236,12,180,21,1700,0.10666666666666667,0.894929430214323
baseline__rg3_fixed_xgb_row_engineered,20260924,cn7,0.1,967,484,13,0.01344364012409514,97,11,2,86,0.8461538461538461,0.1134020618556701,8.435368754956384,0.28626515038456846,0.9333575229801645,11,86,2,868,0.2,0.9089968976215098
baseline__rg3_fixed_xgb_row_engineered,20260924,rg3,0.1,946,473,20,0.021141649048625793,95,1,19,94,0.05,0.010526315789473684,0.4978947368421053,0.018654199238321074,0.4429805615550756,1,94,19,832,0.017391304347826087,0.8805496828752643
baseline__rg3_cat_pair_mean,20260924,all,0.1,1913,957,33,0.017250392054364874,192,14,19,178,0.42424242424242425,0.07291666666666667,4.226957070707071,0.13476833707835142,0.7286508704061896,14,178,19,1702,0.12444444444444444,0.8970203868269734
baseline__rg3_cat_pair_mean,20260924,cn7,0.1,967,484,13,0.01344364012409514,97,11,2,86,0.8461538461538461,0.1134020618556701,8.435368754956384,0.28626515038456846,0.9333575229801645,11,86,2,868,0.2,0.9089968976215098
baseline__rg3_cat_pair_mean,20260924,rg3,0.1,946,473,20,0.021141649048625793,95,3,17,92,0.15,0.031578947368421054,1.4936842105263157,0.0341905400724537,0.5811015118790497,3,92,17,834,0.05217391304347826,0.8847780126849895
baseline__rg3_cat_pair_rank_mean,20260924,all,0.1,1913,957,33,0.017250392054364874,192,15,18,177,0.45454545454545453,0.078125,4.528882575757575,0.11561448283453829,0.7656108961960026,15,177,18,1703,0.13333333333333333,0.8980658651332984
baseline__rg3_cat_pair_rank_mean,20260924,cn7,0.1,967,484,13,0.01344364012409514,97,11,2,86,0.8461538461538461,0.1134020618556701,8.435368754956384,0.28626515038456846,0.9333575229801645,11,86,2,868,0.2,0.9089968976215098
baseline__rg3_cat_pair_rank_mean,20260924,rg3,0.1,946,473,20,0.021141649048625793,95,4,16,91,0.2,0.042105263157894736,1.9915789473684211,0.035304637529687946,0.5797516198704105,4,91,16,835,0.06956521739130435,0.8868921775898521
baseline__rg3_all_trees_mean,20260924,all,0.1,1913,957,33,0.017250392054364874,192,14,19,178,0.42424242424242425,0.07291666666666667,4.226957070707071,0.13296349632784596,0.7241698903932946,14,178,19,1702,0.12444444444444444,0.8970203868269734
baseline__rg3_all_trees_mean,20260924,cn7,0.1,967,484,13,0.01344364012409514,97,11,2,86,0.8461538461538461,0.1134020618556701,8.435368754956384,0.28626515038456846,0.9333575229801645,11,86,2,868,0.2,0.9089968976215098
baseline__rg3_all_trees_mean,20260924,rg3,0.1,946,473,20,0.021141649048625793,95,3,17,92,0.15,0.031578947368421054,1.4936842105263157,0.028345221195775948,0.5509719222462202,3,92,17,834,0.05217391304347826,0.8847780126849895
baseline__rg3_all_trees_rank_mean,20260924,all,0.1,1913,957,33,0.017250392054364874,192,13,20,179,0.3939393939393939,0.06770833333333333,3.925031565656565,0.10689484634354217,0.754472920696325,13,179,20,1701,0.11555555555555555,0.8959749085206482
baseline__rg3_all_trees_rank_mean,20260924,cn7,0.1,967,484,13,0.01344364012409514,97,11,2,86,0.8461538461538461,0.1134020618556701,8.435368754956384,0.28626515038456846,0.9333575229801645,11,86,2,868,0.2,0.9089968976215098
baseline__rg3_all_trees_rank_mean,20260924,rg3,0.1,946,473,20,0.021141649048625793,95,2,18,93,0.1,0.021052631578947368,0.9957894736842106,0.025517393900150252,0.5378509719222462,2,93,18,833,0.034782608695652174,0.8826638477801269
baseline__rg3_cat_shallow_pair_mean,20260924,all,0.1,1913,957,33,0.017250392054364874,192,13,20,179,0.3939393939393939,0.06770833333333333,3.925031565656565,0.13470412764013345,0.734840425531915,13,179,20,1701,0.11555555555555555,0.8959749085206482
baseline__rg3_cat_shallow_pair_mean,20260924,cn7,0.1,967,484,13,0.01344364012409514,97,11,2,86,0.8461538461538461,0.1134020618556701,8.435368754956384,0.28626515038456846,0.9333575229801645,11,86,2,868,0.2,0.9089968976215098
baseline__rg3_cat_shallow_pair_mean,20260924,rg3,0.1,946,473,20,0.021141649048625793,95,2,18,93,0.1,0.021052631578947368,0.9957894736842106,0.03300238475513212,0.5782937365010796,2,93,18,833,0.034782608695652174,0.8826638477801269
baseline__rg3_cat_shallow_pair_rank_mean,20260924,all,0.1,1913,957,33,0.017250392054364874,192,15,18,177,0.45454545454545453,0.078125,4.528882575757575,0.11189846347786818,0.7560847840103159,15,177,18,1703,0.13333333333333333,0.8980658651332984
baseline__rg3_cat_shallow_pair_rank_mean,20260924,cn7,0.1,967,484,13,0.01344364012409514,97,11,2,86,0.8461538461538461,0.1134020618556701,8.435368754956384,0.28626515038456846,0.9333575229801645,11,86,2,868,0.2,0.9089968976215098
baseline__rg3_cat_shallow_pair_rank_mean,20260924,rg3,0.1,946,473,20,0.021141649048625793,95,4,16,91,0.2,0.042105263157894736,1.9915789473684211,0.03278943421593938,0.5766198704103672,4,91,16,835,0.06956521739130435,0.8868921775898521
baseline__rg3_cat_engineered_pair_mean,20260924,all,0.1,1913,957,33,0.017250392054364874,192,12,21,180,0.36363636363636365,0.0625,3.62310606060606,0.12827379486899318,0.6889345583494518,12,180,21,1700,0.10666666666666667,0.894929430214323
baseline__rg3_cat_engineered_pair_mean,20260924,cn7,0.1,967,484,13,0.01344364012409514,97,11,2,86,0.8461538461538461,0.1134020618556701,8.435368754956384,0.28626515038456846,0.9333575229801645,11,86,2,868,0.2,0.9089968976215098
baseline__rg3_cat_engineered_pair_mean,20260924,rg3,0.1,946,473,20,0.021141649048625793,95,1,19,94,0.05,0.010526315789473684,0.4978947368421053,0.02051461484184034,0.4734341252699784,1,94,19,832,0.017391304347826087,0.8805496828752643
baseline__rg3_cat_engineered_pair_rank_mean,20260924,all,0.1,1913,957,33,0.017250392054364874,192,12,21,180,0.36363636363636365,0.0625,3.62310606060606,0.09694489648086896,0.7238958736299163,12,180,21,1700,0.10666666666666667,0.894929430214323
baseline__rg3_cat_engineered_pair_rank_mean,20260924,cn7,0.1,967,484,13,0.01344364012409514,97,11,2,86,0.8461538461538461,0.1134020618556701,8.435368754956384,0.28626515038456846,0.9333575229801645,11,86,2,868,0.2,0.9089968976215098
baseline__rg3_cat_engineered_pair_rank_mean,20260924,rg3,0.1,946,473,20,0.021141649048625793,95,1,19,94,0.05,0.010526315789473684,0.4978947368421053,0.020348808957740758,0.47737580993520523,1,94,19,832,0.017391304347826087,0.8805496828752643
baseline__rg3_all_cat_mean,20260924,all,0.1,1913,957,33,0.017250392054364874,192,14,19,178,0.42424242424242425,0.07291666666666667,4.226957070707071,0.13341181551447545,0.7272324306898774,14,178,19,1702,0.12444444444444444,0.8970203868269734
baseline__rg3_all_cat_mean,20260924,cn7,0.1,967,484,13,0.01344364012409514,97,11,2,86,0.8461538461538461,0.1134020618556701,8.435368754956384,0.28626515038456846,0.9333575229801645,11,86,2,868,0.2,0.9089968976215098
baseline__rg3_all_cat_mean,20260924,rg3,0.1,946,473,20,0.021141649048625793,95,3,17,92,0.15,0.031578947368421054,1.4936842105263157,0.029368207610306618,0.5578833693304536,3,92,17,834,0.05217391304347826,0.8847780126849895
baseline__rg3_all_cat_rank_mean,20260924,all,0.1,1913,957,33,0.017250392054364874,192,13,20,179,0.3939393939393939,0.06770833333333333,3.925031565656565,0.10767601772353479,0.7581479690522244,13,179,20,1701,0.11555555555555555,0.8959749085206482
baseline__rg3_all_cat_rank_mean,20260924,cn7,0.1,967,484,13,0.01344364012409514,97,11,2,86,0.8461538461538461,0.1134020618556701,8.435368754956384,0.28626515038456846,0.9333575229801645,11,86,2,868,0.2,0.9089968976215098
baseline__rg3_all_cat_rank_mean,20260924,rg3,0.1,946,473,20,0.021141649048625793,95,2,18,93,0.1,0.021052631578947368,0.9957894736842106,0.02693516486567766,0.5522138228941685,2,93,18,833,0.034782608695652174,0.8826638477801269
fixed_local_logistic_c1__rg3_fixed_cat_event_d2_reg30,20260924,all,0.1,1913,957,33,0.017250392054364874,192,14,19,178,0.42424242424242425,0.07291666666666667,4.226957070707071,0.15306655340804037,0.8134671179883946,14,178,19,1702,0.12444444444444444,0.8970203868269734
fixed_local_logistic_c1__rg3_fixed_cat_event_d2_reg30,20260924,cn7,0.1,967,484,13,0.01344364012409514,97,12,1,85,0.9230769230769231,0.12371134020618557,9.202220459952418,0.32557672923748937,0.9654491211094984,12,85,1,869,0.21818181818181817,0.9110651499482937
fixed_local_logistic_c1__rg3_fixed_cat_event_d2_reg30,20260924,rg3,0.1,946,473,20,0.021141649048625793,95,2,18,93,0.1,0.021052631578947368,0.9957894736842106,0.029816973822496165,0.5632829373650108,2,93,18,833,0.034782608695652174,0.8826638477801269
fixed_local_logistic_c1__rg3_fixed_cat_event_d3,20260924,all,0.1,1913,957,33,0.017250392054364874,192,16,17,176,0.48484848484848486,0.08333333333333333,4.83080808080808,0.15639770589440288,0.8191892327530625,16,176,17,1704,0.14222222222222222,0.8991113434396236
fixed_local_logistic_c1__rg3_fixed_cat_event_d3,20260924,cn7,0.1,967,484,13,0.01344364012409514,97,12,1,85,0.9230769230769231,0.12371134020618557,9.202220459952418,0.32557672923748937,0.9654491211094984,12,85,1,869,0.21818181818181817,0.9110651499482937
fixed_local_logistic_c1__rg3_fixed_cat_event_d3,20260924,rg3,0.1,946,473,20,0.021141649048625793,95,4,16,91,0.2,0.042105263157894736,1.9915789473684211,0.03223991404752173,0.5742980561555076,4,91,16,835,0.06956521739130435,0.8868921775898521
fixed_local_logistic_c1__rg3_fixed_cat_event_engineered,20260924,all,0.1,1913,957,33,0.017250392054364874,192,13,20,179,0.3939393939393939,0.06770833333333333,3.925031565656565,0.1450516438766186,0.7806173436492585,13,179,20,1701,0.11555555555555555,0.8959749085206482
fixed_local_logistic_c1__rg3_fixed_cat_event_engineered,20260924,cn7,0.1,967,484,13,0.01344364012409514,97,12,1,85,0.9230769230769231,0.12371134020618557,9.202220459952418,0.32557672923748937,0.9654491211094984,12,85,1,869,0.21818181818181817,0.9110651499482937
fixed_local_logistic_c1__rg3_fixed_cat_event_engineered,20260924,rg3,0.1,946,473,20,0.021141649048625793,95,1,19,94,0.05,0.010526315789473684,0.4978947368421053,0.019868429349544123,0.455939524838013,1,94,19,832,0.017391304347826087,0.8805496828752643
fixed_local_logistic_c1__rg3_fixed_cat_row_d2_reg30,20260924,all,0.1,1913,957,33,0.017250392054364874,192,16,17,176,0.48484848484848486,0.08333333333333333,4.83080808080808,0.15818384157803,0.8225902643455836,16,176,17,1704,0.14222222222222222,0.8991113434396236
fixed_local_logistic_c1__rg3_fixed_cat_row_d2_reg30,20260924,cn7,0.1,967,484,13,0.01344364012409514,97,12,1,85,0.9230769230769231,0.12371134020618557,9.202220459952418,0.32557672923748937,0.9654491211094984,12,85,1,869,0.21818181818181817,0.9110651499482937
fixed_local_logistic_c1__rg3_fixed_cat_row_d2_reg30,20260924,rg3,0.1,946,473,20,0.021141649048625793,95,4,16,91,0.2,0.042105263157894736,1.9915789473684211,0.03521018954846067,0.5889848812095031,4,91,16,835,0.06956521739130435,0.8868921775898521
fixed_local_logistic_c1__rg3_fixed_cat_row_d3,20260924,all,0.1,1913,957,33,0.017250392054364874,192,15,18,177,0.45454545454545453,0.078125,4.528882575757575,0.1599098744471415,0.8203981302385558,15,177,18,1703,0.13333333333333333,0.8980658651332984
fixed_local_logistic_c1__rg3_fixed_cat_row_d3,20260924,cn7,0.1,967,484,13,0.01344364012409514,97,12,1,85,0.9230769230769231,0.12371134020618557,9.202220459952418,0.32557672923748937,0.9654491211094984,12,85,1,869,0.21818181818181817,0.9110651499482937
fixed_local_logistic_c1__rg3_fixed_cat_row_d3,20260924,rg3,0.1,946,473,20,0.021141649048625793,95,3,17,92,0.15,0.031578947368421054,1.4936842105263157,0.03669397380407703,0.5816414686825053,3,92,17,834,0.05217391304347826,0.8847780126849895
fixed_local_logistic_c1__rg3_fixed_cat_row_engineered,20260924,all,0.1,1913,957,33,0.017250392054364874,192,13,20,179,0.3939393939393939,0.06770833333333333,3.925031565656565,0.1475866915087504,0.7919487427466151,13,179,20,1701,0.11555555555555555,0.8959749085206482
fixed_local_logistic_c1__rg3_fixed_cat_row_engineered,20260924,cn7,0.1,967,484,13,0.01344364012409514,97,12,1,85,0.9230769230769231,0.12371134020618557,9.202220459952418,0.32557672923748937,0.9654491211094984,12,85,1,869,0.21818181818181817,0.9110651499482937
fixed_local_logistic_c1__rg3_fixed_cat_row_engineered,20260924,rg3,0.1,946,473,20,0.021141649048625793,95,1,19,94,0.05,0.010526315789473684,0.4978947368421053,0.021352802498069593,0.49071274298056156,1,94,19,832,0.017391304347826087,0.8805496828752643
fixed_local_logistic_c1__rg3_fixed_local_logistic_c1,20260924,all,0.1,1913,957,33,0.017250392054364874,192,14,19,178,0.42424242424242425,0.07291666666666667,4.226957070707071,0.08725430346405015,0.7819229529335912,14,178,19,1702,0.12444444444444444,0.8970203868269734
fixed_local_logistic_c1__rg3_fixed_local_logistic_c1,20260924,cn7,0.1,967,484,13,0.01344364012409514,97,12,1,85,0.9230769230769231,0.12371134020618557,9.202220459952418,0.32557672923748937,0.9654491211094984,12,85,1,869,0.21818181818181817,0.9110651499482937
fixed_local_logistic_c1__rg3_fixed_local_logistic_c1,20260924,rg3,0.1,946,473,20,0.021141649048625793,95,2,18,93,0.1,0.021052631578947368,0.9957894736842106,0.02230797465288386,0.5004319654427646,2,93,18,833,0.034782608695652174,0.8826638477801269
fixed_local_logistic_c1__rg3_fixed_xgb_row_engineered,20260924,all,0.1,1913,957,33,0.017250392054364874,192,13,20,179,0.3939393939393939,0.06770833333333333,3.925031565656565,0.14741278300171695,0.7796018697614442,13,179,20,1701,0.11555555555555555,0.8959749085206482
fixed_local_logistic_c1__rg3_fixed_xgb_row_engineered,20260924,cn7,0.1,967,484,13,0.01344364012409514,97,12,1,85,0.9230769230769231,0.12371134020618557,9.202220459952418,0.32557672923748937,0.9654491211094984,12,85,1,869,0.21818181818181817,0.9110651499482937
fixed_local_logistic_c1__rg3_fixed_xgb_row_engineered,20260924,rg3,0.1,946,473,20,0.021141649048625793,95,1,19,94,0.05,0.010526315789473684,0.4978947368421053,0.018654199238321074,0.4429805615550756,1,94,19,832,0.017391304347826087,0.8805496828752643
fixed_local_logistic_c1__rg3_cat_pair_mean,20260924,all,0.1,1913,957,33,0.017250392054364874,192,15,18,177,0.45454545454545453,0.078125,4.528882575757575,0.15858253570975595,0.8215264345583495,15,177,18,1703,0.13333333333333333,0.8980658651332984
fixed_local_logistic_c1__rg3_cat_pair_mean,20260924,cn7,0.1,967,484,13,0.01344364012409514,97,12,1,85,0.9230769230769231,0.12371134020618557,9.202220459952418,0.32557672923748937,0.9654491211094984,12,85,1,869,0.21818181818181817,0.9110651499482937
fixed_local_logistic_c1__rg3_cat_pair_mean,20260924,rg3,0.1,946,473,20,0.021141649048625793,95,3,17,92,0.15,0.031578947368421054,1.4936842105263157,0.0341905400724537,0.5811015118790497,3,92,17,834,0.05217391304347826,0.8847780126849895
fixed_local_logistic_c1__rg3_cat_pair_rank_mean,20260924,all,0.1,1913,957,33,0.017250392054364874,192,16,17,176,0.48484848484848486,0.08333333333333333,4.83080808080808,0.1012199614137821,0.7959300451321728,16,176,17,1704,0.14222222222222222,0.8991113434396236
fixed_local_logistic_c1__rg3_cat_pair_rank_mean,20260924,cn7,0.1,967,484,13,0.01344364012409514,97,12,1,85,0.9230769230769231,0.12371134020618557,9.202220459952418,0.32557672923748937,0.9654491211094984,12,85,1,869,0.21818181818181817,0.9110651499482937
fixed_local_logistic_c1__rg3_cat_pair_rank_mean,20260924,rg3,0.1,946,473,20,0.021141649048625793,95,4,16,91,0.2,0.042105263157894736,1.9915789473684211,0.035304637529687946,0.5797516198704105,4,91,16,835,0.06956521739130435,0.8868921775898521
fixed_local_logistic_c1__rg3_all_trees_mean,20260924,all,0.1,1913,957,33,0.017250392054364874,192,15,18,177,0.45454545454545453,0.078125,4.528882575757575,0.1547348722666405,0.8129190844616376,15,177,18,1703,0.13333333333333333,0.8980658651332984
fixed_local_logistic_c1__rg3_all_trees_mean,20260924,cn7,0.1,967,484,13,0.01344364012409514,97,12,1,85,0.9230769230769231,0.12371134020618557,9.202220459952418,0.32557672923748937,0.9654491211094984,12,85,1,869,0.21818181818181817,0.9110651499482937
fixed_local_logistic_c1__rg3_all_trees_mean,20260924,rg3,0.1,946,473,20,0.021141649048625793,95,3,17,92,0.15,0.031578947368421054,1.4936842105263157,0.028345221195775948,0.5509719222462202,3,92,17,834,0.05217391304347826,0.8847780126849895
fixed_local_logistic_c1__rg3_all_trees_rank_mean,20260924,all,0.1,1913,957,33,0.017250392054364874,192,14,19,178,0.42424242424242425,0.07291666666666667,4.226957070707071,0.09585678405347589,0.7837121212121212,14,178,19,1702,0.12444444444444444,0.8970203868269734
fixed_local_logistic_c1__rg3_all_trees_rank_mean,20260924,cn7,0.1,967,484,13,0.01344364012409514,97,12,1,85,0.9230769230769231,0.12371134020618557,9.202220459952418,0.32557672923748937,0.9654491211094984,12,85,1,869,0.21818181818181817,0.9110651499482937
fixed_local_logistic_c1__rg3_all_trees_rank_mean,20260924,rg3,0.1,946,473,20,0.021141649048625793,95,2,18,93,0.1,0.021052631578947368,0.9957894736842106,0.025517393900150252,0.5378509719222462,2,93,18,833,0.034782608695652174,0.8826638477801269
fixed_local_logistic_c1__rg3_cat_shallow_pair_mean,20260924,all,0.1,1913,957,33,0.017250392054364874,192,14,19,178,0.42424242424242425,0.07291666666666667,4.226957070707071,0.15617074913752677,0.818947453255964,14,178,19,1702,0.12444444444444444,0.8970203868269734
fixed_local_logistic_c1__rg3_cat_shallow_pair_mean,20260924,cn7,0.1,967,484,13,0.01344364012409514,97,12,1,85,0.9230769230769231,0.12371134020618557,9.202220459952418,0.32557672923748937,0.9654491211094984,12,85,1,869,0.21818181818181817,0.9110651499482937
fixed_local_logistic_c1__rg3_cat_shallow_pair_mean,20260924,rg3,0.1,946,473,20,0.021141649048625793,95,2,18,93,0.1,0.021052631578947368,0.9957894736842106,0.03300238475513212,0.5782937365010796,2,93,18,833,0.034782608695652174,0.8826638477801269
fixed_local_logistic_c1__rg3_cat_shallow_pair_rank_mean,20260924,all,0.1,1913,957,33,0.017250392054364874,192,16,17,176,0.48484848484848486,0.08333333333333333,4.83080808080808,0.09815936066591043,0.793770148291425,16,176,17,1704,0.14222222222222222,0.8991113434396236
fixed_local_logistic_c1__rg3_cat_shallow_pair_rank_mean,20260924,cn7,0.1,967,484,13,0.01344364012409514,97,12,1,85,0.9230769230769231,0.12371134020618557,9.202220459952418,0.32557672923748937,0.9654491211094984,12,85,1,869,0.21818181818181817,0.9110651499482937
fixed_local_logistic_c1__rg3_cat_shallow_pair_rank_mean,20260924,rg3,0.1,946,473,20,0.021141649048625793,95,4,16,91,0.2,0.042105263157894736,1.9915789473684211,0.03278943421593938,0.5766198704103672,4,91,16,835,0.06956521739130435,0.8868921775898521
fixed_local_logistic_c1__rg3_cat_engineered_pair_mean,20260924,all,0.1,1913,957,33,0.017250392054364874,192,13,20,179,0.3939393939393939,0.06770833333333333,3.925031565656565,0.14637352410257343,0.7865167633784655,13,179,20,1701,0.11555555555555555,0.8959749085206482
fixed_local_logistic_c1__rg3_cat_engineered_pair_mean,20260924,cn7,0.1,967,484,13,0.01344364012409514,97,12,1,85,0.9230769230769231,0.12371134020618557,9.202220459952418,0.32557672923748937,0.9654491211094984,12,85,1,869,0.21818181818181817,0.9110651499482937
fixed_local_logistic_c1__rg3_cat_engineered_pair_mean,20260924,rg3,0.1,946,473,20,0.021141649048625793,95,1,19,94,0.05,0.010526315789473684,0.4978947368421053,0.02051461484184034,0.4734341252699784,1,94,19,832,0.017391304347826087,0.8805496828752643
fixed_local_logistic_c1__rg3_cat_engineered_pair_rank_mean,20260924,all,0.1,1913,957,33,0.017250392054364874,192,13,20,179,0.3939393939393939,0.06770833333333333,3.925031565656565,0.08697335450808819,0.7619036105738233,13,179,20,1701,0.11555555555555555,0.8959749085206482
fixed_local_logistic_c1__rg3_cat_engineered_pair_rank_mean,20260924,cn7,0.1,967,484,13,0.01344364012409514,97,12,1,85,0.9230769230769231,0.12371134020618557,9.202220459952418,0.32557672923748937,0.9654491211094984,12,85,1,869,0.21818181818181817,0.9110651499482937
fixed_local_logistic_c1__rg3_cat_engineered_pair_rank_mean,20260924,rg3,0.1,946,473,20,0.021141649048625793,95,1,19,94,0.05,0.010526315789473684,0.4978947368421053,0.020348808957740758,0.47737580993520523,1,94,19,832,0.017391304347826087,0.8805496828752643
fixed_local_logistic_c1__rg3_all_cat_mean,20260924,all,0.1,1913,957,33,0.017250392054364874,192,15,18,177,0.45454545454545453,0.078125,4.528882575757575,0.15433145045196614,0.81427304964539,15,177,18,1703,0.13333333333333333,0.8980658651332984
fixed_local_logistic_c1__rg3_all_cat_mean,20260924,cn7,0.1,967,484,13,0.01344364012409514,97,12,1,85,0.9230769230769231,0.12371134020618557,9.202220459952418,0.32557672923748937,0.9654491211094984,12,85,1,869,0.21818181818181817,0.9110651499482937
fixed_local_logistic_c1__rg3_all_cat_mean,20260924,rg3,0.1,946,473,20,0.021141649048625793,95,3,17,92,0.15,0.031578947368421054,1.4936842105263157,0.029368207610306618,0.5578833693304536,3,92,17,834,0.05217391304347826,0.8847780126849895
fixed_local_logistic_c1__rg3_all_cat_rank_mean,20260924,all,0.1,1913,957,33,0.017250392054364874,192,14,19,178,0.42424242424242425,0.07291666666666667,4.226957070707071,0.09662018008591873,0.7878062540296583,14,178,19,1702,0.12444444444444444,0.8970203868269734
fixed_local_logistic_c1__rg3_all_cat_rank_mean,20260924,cn7,0.1,967,484,13,0.01344364012409514,97,12,1,85,0.9230769230769231,0.12371134020618557,9.202220459952418,0.32557672923748937,0.9654491211094984,12,85,1,869,0.21818181818181817,0.9110651499482937
fixed_local_logistic_c1__rg3_all_cat_rank_mean,20260924,rg3,0.1,946,473,20,0.021141649048625793,95,2,18,93,0.1,0.021052631578947368,0.9957894736842106,0.02693516486567766,0.5522138228941685,2,93,18,833,0.034782608695652174,0.8826638477801269
