model,fraction,rows,positives,k,tp,fp,fn,tn,recall,precision,f1,accuracy,tie_min_tp,tie_max_tp
cpu_reference,0.02,1913,33,39,4,35,29,1845,0.12121212121212122,0.10256410256410256,0.1111111111111111,0.9665446941975954,4,4
cpu_reference,0.03,1913,33,59,6,53,27,1827,0.18181818181818182,0.1016949152542373,0.13043478260869565,0.9581808677469943,6,6
cpu_reference,0.05,1913,33,97,8,89,25,1791,0.24242424242424243,0.08247422680412371,0.12307692307692308,0.9404077365394669,7,8
cpu_reference,0.075,1913,33,144,9,135,24,1745,0.2727272727272727,0.0625,0.1016949152542373,0.9168844746471511,9,9
cpu_reference,0.1,1913,33,192,12,180,21,1700,0.36363636363636365,0.0625,0.10666666666666667,0.894929430214323,12,12
cpu_reference,0.15,1913,33,288,14,274,19,1606,0.42424242424242425,0.04861111111111111,0.08722741433021806,0.8468374281233665,14,14
gpu_pair_original,0.02,1913,33,39,7,32,26,1848,0.21212121212121213,0.1794871794871795,0.19444444444444445,0.9696811291165708,7,7
gpu_pair_original,0.03,1913,33,59,8,51,25,1829,0.24242424242424243,0.13559322033898305,0.17391304347826086,0.9602718243596445,8,8
gpu_pair_original,0.05,1913,33,97,11,86,22,1794,0.3333333333333333,0.1134020618556701,0.16923076923076924,0.9435441714584423,11,11
gpu_pair_original,0.075,1913,33,144,13,131,20,1749,0.3939393939393939,0.09027777777777778,0.14689265536723164,0.9210663878724517,13,13
gpu_pair_original,0.1,1913,33,192,16,176,17,1704,0.48484848484848486,0.08333333333333333,0.14222222222222222,0.8991113434396236,16,16
gpu_pair_original,0.15,1913,33,288,18,270,15,1610,0.5454545454545454,0.0625,0.11214953271028037,0.851019341348667,18,18
gpu_pair_repeat,0.02,1913,33,39,7,32,26,1848,0.21212121212121213,0.1794871794871795,0.19444444444444445,0.9696811291165708,7,7
gpu_pair_repeat,0.03,1913,33,59,8,51,25,1829,0.24242424242424243,0.13559322033898305,0.17391304347826086,0.9602718243596445,8,8
gpu_pair_repeat,0.05,1913,33,97,11,86,22,1794,0.3333333333333333,0.1134020618556701,0.16923076923076924,0.9435441714584423,11,11
gpu_pair_repeat,0.075,1913,33,144,13,131,20,1749,0.3939393939393939,0.09027777777777778,0.14689265536723164,0.9210663878724517,13,13
gpu_pair_repeat,0.1,1913,33,192,16,176,17,1704,0.48484848484848486,0.08333333333333333,0.14222222222222222,0.8991113434396236,16,16
gpu_pair_repeat,0.15,1913,33,288,18,270,15,1610,0.5454545454545454,0.0625,0.11214953271028037,0.851019341348667,18,18
inner_calibrated_pair,0.02,1913,33,39,5,34,28,1846,0.15151515151515152,0.1282051282051282,0.1388888888888889,0.9675901725039205,5,5
inner_calibrated_pair,0.03,1913,33,59,5,54,28,1826,0.15151515151515152,0.0847457627118644,0.10869565217391304,0.9571353894406691,5,5
inner_calibrated_pair,0.05,1913,33,97,10,87,23,1793,0.30303030303030304,0.10309278350515463,0.15384615384615385,0.9424986931521171,10,10
inner_calibrated_pair,0.075,1913,33,144,11,133,22,1747,0.3333333333333333,0.0763888888888889,0.12429378531073447,0.9189754312598014,11,11
inner_calibrated_pair,0.1,1913,33,192,13,179,20,1701,0.3939393939393939,0.06770833333333333,0.11555555555555555,0.8959749085206482,13,13
inner_calibrated_pair,0.15,1913,33,288,15,273,18,1607,0.45454545454545453,0.052083333333333336,0.09345794392523364,0.8478829064296916,15,15
